[{"model": "questions.question", "pk": 1, "fields": {"title": "\u0415\u0441\u043b\u0438 \u043a\u0442\u043e-\u0442\u043e \u0438\u0434\u0451\u0442 \u0432 \u043b\u0435\u0441 \u0437\u0430 \u0433\u0440\u0438\u0431\u0430\u043c\u0438 \u043d\u0430 \u0445\u043e\u0434\u0443\u043b\u044f\u0445, \u043e\u043d \u043f\u043e\u0441\u0442\u0443\u043f\u0430\u0435\u0442 \u0442\u0430\u043a:", "image": "", "type_variant": "RO"}}, {"model": "questions.question", "pk": 2, "fields": {"title": "\u0415\u0441\u043b\u0438 \u0447\u0435\u043b\u043e\u0432\u0435\u043a, \u0442\u043e\u0440\u0433\u0443\u044e\u0449\u0438\u0439 \u043f\u0438\u0432\u043e\u043c \u0438\u0437 \u0431\u043e\u0447\u043a\u0438, \u0432\u0434\u0440\u0443\u0433 \u043f\u0440\u043e\u0441\u0438\u0442 \u043a\u043e\u0433\u043e-\u0442\u043e \u0438\u0437 \u043e\u0447\u0435\u0440\u0435\u0434\u0438 \u043f\u0440\u0438\u043d\u0435\u0441\u0442\u0438 \u0435\u043c\u0443 \u043b\u0438\u043c\u043e\u043d\u0430\u0434\u0430, \u043e\u043d \u043f\u043e\u0441\u0442\u0443\u043f\u0430\u0435\u0442 \u0442\u0430\u043a:", "image": "", "type_variant": "RO"}}, {"model": "questions.question", "pk": 4, "fields": {"title": "\u0421\u043b\u0443\u0447\u0430\u0439\u043d\u044b\u0439 \u043f\u0440\u043e\u0445\u043e\u0436\u0438\u0439 \u043f\u0440\u043e\u0441\u0438\u0442 \u0432\u0430\u0441 \u0434\u0430\u0442\u044c \u0435\u043c\u0443 100 \u0440\u0443\u0431\u043b\u0435\u0439. \u0412\u044b \u043e\u0442\u0432\u0435\u0447\u0430\u0435\u0442\u0435:", "image": "", "type_variant": "RO"}}, {"model": "questions.question", "pk": 5, "fields": {"title": "\u0412 \u043a\u0443\u043b\u044c\u043c\u0438\u043d\u0430\u0446\u0438\u043e\u043d\u043d\u044b\u0439 \u043c\u043e\u043c\u0435\u043d\u0442 \u0442\u0435\u043b\u0435\u0432\u0438\u0437\u0438\u043e\u043d\u043d\u043e\u0433\u043e \u0434\u0435\u0442\u0435\u043a\u0442\u0438\u0432\u043d\u043e\u0433\u043e \u0444\u0438\u043b\u044c\u043c\u0430 \u0432\u0434\u0440\u0443\u0433 \u0433\u0430\u0441\u043d\u0435\u0442 \u044d\u043a\u0440\u0430\u043d. \u0412\u044b \u0441\u0447\u0438\u0442\u0430\u0435\u0442\u0435 \u044d\u0442\u043e:", "image": "", "type_variant": "RO"}}, {"model": "questions.question", "pk": 6, "fields": {"title": "\u0412\u043e\u0437\u0440\u0430\u0441\u0442, \u043f\u043e \u0434\u043e\u0441\u0442\u0438\u0436\u0435\u043d\u0438\u0438 \u043a\u043e\u0442\u043e\u0440\u043e\u0433\u043e \u0433\u0440\u0430\u0436\u0434\u0430\u043d\u0435 \u0420\u043e\u0441\u0441\u0438\u0439\u0441\u043a\u043e\u0439 \u0424\u0435\u0434\u0435\u0440\u0430\u0446\u0438\u0438 \u043c\u043e\u0433\u0443\u0442 \u043f\u043e\u043b\u0443\u0447\u0438\u0442\u044c \u0440\u0430\u0437\u0440\u0435\u0448\u0435\u043d\u0438\u044f \u043d\u0430 \u0445\u0440\u0430\u043d\u0435\u043d\u0438\u0435 \u0438\u043b\u0438 \u0445\u0440\u0430\u043d\u0435\u043d\u0438\u0435 \u0438 \u043d\u043e\u0448\u0435\u043d\u0438\u0435 \u043e\u0445\u043e\u0442\u043d\u0438\u0447\u044c\u0435\u0433\u043e \u043e\u0433\u043d\u0435\u0441\u0442\u0440\u0435\u043b\u044c\u043d\u043e\u0433\u043e \u0433\u043b\u0430\u0434\u043a\u043e\u0441\u0442\u0432\u043e\u043b\u044c\u043d\u043e\u0433\u043e \u043e\u0440\u0443\u0436\u0438\u044f:", "image": "", "type_variant": "RO"}}, {"model": "questions.question", "pk": 7, "fields": {"title": "\u0418\u043c\u0435\u044e\u0442 \u043b\u0438 \u043f\u0440\u0430\u0432\u043e \u043d\u0430 \u043d\u0435\u043e\u0431\u0445\u043e\u0434\u0438\u043c\u0443\u044e \u043e\u0431\u043e\u0440\u043e\u043d\u0443 \u043b\u0438\u0446\u0430, \u0438\u043c\u0435\u044e\u0449\u0438\u0435 \u0432\u043e\u0437\u043c\u043e\u0436\u043d\u043e\u0441\u0442\u044c \u0438\u0437\u0431\u0435\u0436\u0430\u0442\u044c \u043e\u0431\u0449\u0435\u0441\u0442\u0432\u0435\u043d\u043d\u043e \u043e\u043f\u0430\u0441\u043d\u043e\u0433\u043e \u043f\u043e\u0441\u044f\u0433\u0430\u0442\u0435\u043b\u044c\u0441\u0442\u0432\u0430 \u0438\u043b\u0438 \u043e\u0431\u0440\u0430\u0442\u0438\u0442\u044c\u0441\u044f \u0437\u0430 \u043f\u043e\u043c\u043e\u0449\u044c\u044e \u043a \u0434\u0440\u0443\u0433\u0438\u043c \u043b\u0438\u0446\u0430\u043c \u0438\u043b\u0438 \u043e\u0440\u0433\u0430\u043d\u0430\u043c \u0432\u043b\u0430\u0441\u0442\u0438?", "image": "", "type_variant": "RO"}}, {"model": "questions.question", "pk": 8, "fields": {"title": "\u041f\u0440\u0430\u0432\u0438\u043b\u0430\u043c\u0438 \u043e\u0445\u043e\u0442\u044b \u0443\u0441\u0442\u0430\u043d\u043e\u0432\u043b\u0435\u043d\u043e, \u0447\u0442\u043e \u043f\u0440\u0438 \u043e\u0441\u0443\u0449\u0435\u0441\u0442\u0432\u043b\u0435\u043d\u0438\u0438 \u043e\u0445\u043e\u0442\u044b \u0437\u0430\u043f\u0440\u0435\u0449\u0430\u0435\u0442\u0441\u044f \u043f\u0440\u0438\u043c\u0435\u043d\u0435\u043d\u0438\u0435 \u043e\u0445\u043e\u0442\u043d\u0438\u0447\u044c\u0435\u0433\u043e \u043e\u0433\u043d\u0435\u0441\u0442\u0440\u0435\u043b\u044c\u043d\u043e\u0433\u043e \u0433\u043b\u0430\u0434\u043a\u043e\u0441\u0442\u0432\u043e\u043b\u044c\u043d\u043e\u0433\u043e \u043e\u0440\u0443\u0436\u0438\u044f \u0434\u043b\u044f \u043e\u0445\u043e\u0442\u044b \u043d\u0430 \u043f\u0435\u0440\u043d\u0430\u0442\u0443\u044e \u0434\u0438\u0447\u044c:", "image": "", "type_variant": "RO"}}, {"model": "questions.question", "pk": 9, "fields": {"title": "\u041a\u0430\u043a\u043e\u0435 \u0441\u043b\u043e\u0432\u043e (\u0441\u043b\u043e\u0432\u0430/\u0441\u043b\u043e\u0432\u043e\u0441\u043e\u0447\u0435\u0442\u0430\u043d\u0438\u0435) \u043f\u0440\u0438\u0445\u043e\u0434\u0438\u0442 \u0432\u0430\u043c \u043d\u0430 \u0443\u043c \u043f\u0435\u0440\u0432\u044b\u043c, \u043a\u043e\u0433\u0434\u0430 \u0432\u044b \u0441\u043b\u044b\u0448\u0438\u0442\u0435 \u0441\u043b\u043e\u0432\u043e \u041f\u0420\u041e\u041f\u0410\u0413\u0410\u041d\u0414\u0410?", "image": "", "type_variant": "CX"}}, {"model": "questions.question", "pk": 10, "fields": {"title": "\u0421\u043a\u043e\u043b\u044c\u043a\u043e \u0432\u0430\u043c \u043b\u0435\u0442?", "image": "", "type_variant": "RO"}}, {"model": "questions.question", "pk": 11, "fields": {"title": "\u0412 \u043a\u0430\u043a\u043e\u0435 \u0432\u0440\u0435\u043c\u044f \u043b\u0435\u0442\u043e\u043c \u043e\u043f\u0430\u0441\u043d\u043e \u043d\u0430\u0445\u043e\u0434\u0438\u0442\u044c\u0441\u044f \u043d\u0430 \u0441\u043e\u043b\u043d\u0446\u0435?", "image": "", "type_variant": "RO"}}, {"model": "questions.question", "pk": 12, "fields": {"title": "\u041c\u043e\u0436\u043d\u043e \u043b\u0438 \u043a\u0443\u043f\u0430\u0442\u044c\u0441\u044f \u0432\u043e \u0432\u0440\u0435\u043c\u044f \u0433\u0440\u043e\u0437\u044b?", "image": "", "type_variant": "RO"}}, {"model": "questions.question", "pk": 13, "fields": {"title": "\u041a\u0430\u043a\u0438\u0445 \u044f\u0433\u043e\u0434 \u043d\u0435\u043b\u044c\u0437\u044f \u0441\u043e\u0431\u0438\u0440\u0430\u0442\u044c \u0432 \u043b\u0435\u0441\u0443?", "image": "", "type_variant": "RO"}}, {"model": "questions.question", "pk": 15, "fields": {"title": "\u041d\u0430 \u043e\u0441\u043d\u043e\u0432\u0430\u043d\u0438\u0438 \u041f\u0440\u0430\u0432\u0438\u043b \u043e\u0431\u043e\u0440\u043e\u0442\u0430 \u0433\u0440\u0430\u0436\u0434\u0430\u043d\u0441\u043a\u043e\u0433\u043e \u0438 \u0441\u043b\u0443\u0436\u0435\u0431\u043d\u043e\u0433\u043e \u043e\u0440\u0443\u0436\u0438\u044f \u043d\u0430 \u0442\u0435\u0440\u0440\u0438\u0442\u043e\u0440\u0438\u0438 \u0420\u043e\u0441\u0441\u0438\u0439\u0441\u043a\u043e\u0439 \u0424\u0435\u0434\u0435\u0440\u0430\u0446\u0438\u0438 \u0433\u0440\u0430\u0436\u0434\u0430\u043d\u0435, \u043e\u0441\u0443\u0449\u0435\u0441\u0442\u0432\u043b\u044f\u044e\u0449\u0438\u0435 \u043d\u043e\u0448\u0435\u043d\u0438\u0435 \u043e\u0440\u0443\u0436\u0438\u044f, \u0434\u043e\u043b\u0436\u043d\u044b \u0438\u043c\u0435\u0442\u044c \u043f\u0440\u0438 \u0441\u0435\u0431\u0435:", "image": "", "type_variant": "CX"}}, {"model": "questions.answer", "pk": 1, "fields": {"title": "\u0447\u0442\u043e\u0431\u044b \u0431\u044b\u043b\u043e \u0438\u043d\u0442\u0438\u043c\u043d\u0435\u0435.", "question": 1, "correct": true, "weight": 5}}, {"model": "questions.answer", "pk": 2, "fields": {"title": "\u0447\u0442\u043e\u0431\u044b \u043b\u0443\u0447\u0448\u0435 \u0432\u0438\u0434\u0435\u0442\u044c \u0433\u0440\u0438\u0431\u044b.", "question": 1, "correct": true, "weight": 5}}, {"model": "questions.answer", "pk": 3, "fields": {"title": "\u043f\u043e\u0442\u043e\u043c\u0443 \u0447\u0442\u043e \u0437\u0430 \u0441\u0432\u043e\u0438 \u0434\u0435\u043d\u044c\u0433\u0438 \u043e\u043d \u0445\u043e\u0447\u0435\u0442 \u0432\u044b\u043f\u0438\u0442\u044c \u0447\u0442\u043e-\u043d\u0438\u0431\u0443\u0434\u044c \u043f\u043e\u043b\u0443\u0447\u0448\u0435.", "question": 2, "correct": true, "weight": 4}}, {"model": "questions.answer", "pk": 4, "fields": {"title": "\u043f\u043e\u0442\u043e\u043c\u0443 \u0447\u0442\u043e \u0432\u0447\u0435\u0440\u0430 \u0432\u0441\u0442\u0430\u043b \u043d\u0430 \u043f\u0440\u0430\u0432\u0438\u043b\u044c\u043d\u044b\u0439 \u043f\u0443\u0442\u044c.", "question": 2, "correct": true, "weight": 8}}, {"model": "questions.answer", "pk": 5, "fields": {"title": "\u0412\u044b \u0447\u0438\u0442\u0430\u0435\u0442\u0435 \u043c\u043e\u0438 \u043c\u044b\u0441\u043b\u0438.", "question": 4, "correct": true, "weight": 5}}, {"model": "questions.answer", "pk": 6, "fields": {"title": "\u0417\u0430\u0447\u0435\u043c \u043e\u043d\u0438 \u0412\u0430\u043c?", "question": 4, "correct": true, "weight": 3}}, {"model": "questions.answer", "pk": 7, "fields": {"title": "\u043f\u0440\u0435\u043a\u0440\u0430\u0441\u043d\u043e\u0439 \u0432\u043e\u0437\u043c\u043e\u0436\u043d\u043e\u0441\u0442\u044c\u044e \u043f\u0440\u0438\u0434\u0443\u043c\u0430\u0442\u044c \u0441\u0432\u043e\u044e \u0432\u0435\u0440\u0441\u0438\u044e.", "question": 5, "correct": true, "weight": 2}}, {"model": "questions.answer", "pk": 8, "fields": {"title": "\u043f\u043b\u043e\u0445\u043e\u0439 \u0440\u0430\u0431\u043e\u0442\u043e\u0439 \u044d\u043b\u0435\u043a\u0442\u0440\u043e\u043f\u043e\u0434\u0441\u0442\u0430\u043d\u0446\u0438\u0438.", "question": 5, "correct": true, "weight": 3}}, {"model": "questions.answer", "pk": 9, "fields": {"title": "\u043e\u043f\u044f\u0442\u044c \u0427\u0443\u0431\u0430\u0439\u0441?", "question": 5, "correct": true, "weight": 6}}, {"model": "questions.answer", "pk": 10, "fields": {"title": "\u041d\u0435 \u043c\u043e\u0436\u0435\u0442 \u0431\u044b\u0442\u044c \u0441\u043d\u0438\u0436\u0435\u043d.", "question": 6, "correct": false, "weight": -3}}, {"model": "questions.answer", "pk": 11, "fields": {"title": "\u041c\u043e\u0436\u0435\u0442 \u0431\u044b\u0442\u044c \u0441\u043d\u0438\u0436\u0435\u043d \u043f\u043e \u0440\u0435\u0448\u0435\u043d\u0438\u044e \u0437\u0430\u043a\u043e\u043d\u043e\u0434\u0430\u0442\u0435\u043b\u044c\u043d\u043e\u0433\u043e (\u043f\u0440\u0435\u0434\u0441\u0442\u0430\u0432\u0438\u0442\u0435\u043b\u044c\u043d\u043e\u0433\u043e) \u043e\u0440\u0433\u0430\u043d\u0430 \u0433\u043e\u0441\u0443\u0434\u0430\u0440\u0441\u0442\u0432\u0435\u043d\u043d\u043e\u0439 \u0432\u043b\u0430\u0441\u0442\u0438 \u0441\u0443\u0431\u044a\u0435\u043a\u0442\u0430 \u0420\u043e\u0441\u0441\u0438\u0439\u0441\u043a\u043e\u0439 \u0424\u0435\u0434\u0435\u0440\u0430\u0446\u0438\u0438, \u043d", "question": 6, "correct": true, "weight": 6}}, {"model": "questions.answer", "pk": 12, "fields": {"title": "\u041c\u043e\u0436\u0435\u0442 \u0431\u044b\u0442\u044c \u0441\u043d\u0438\u0436\u0435\u043d \u043f\u043e \u0440\u0435\u0448\u0435\u043d\u0438\u044e \u0437\u0430\u043a\u043e\u043d\u043e\u0434\u0430\u0442\u0435\u043b\u044c\u043d\u043e\u0433\u043e (\u043f\u0440\u0435\u0434\u0441\u0442\u0430\u0432\u0438\u0442\u0435\u043b\u044c\u043d\u043e\u0433\u043e) \u043e\u0440\u0433\u0430\u043d\u0430 \u0433\u043e\u0441\u0443\u0434\u0430\u0440\u0441\u0442\u0432\u0435\u043d\u043d\u043e\u0439 \u0432\u043b\u0430\u0441\u0442\u0438 \u0441\u0443\u0431\u044a\u0435\u043a\u0442\u0430 \u0420\u043e\u0441\u0441\u0438\u0439\u0441\u043a\u043e\u0439 \u0424\u0435\u0434\u0435\u0440\u0430\u0446\u0438\u0438, \u043d", "question": 6, "correct": false, "weight": -1}}, {"model": "questions.answer", "pk": 13, "fields": {"title": "\u0418\u043c\u0435\u044e\u0442, \u0435\u0441\u043b\u0438 \u043f\u043e\u0441\u044f\u0433\u0430\u0442\u0435\u043b\u044c\u0441\u0442\u0432\u043e \u0441\u043e\u043f\u0440\u044f\u0436\u0435\u043d\u043e \u0441 \u043d\u0430\u0441\u0438\u043b\u0438\u0435\u043c, \u043e\u043f\u0430\u0441\u043d\u044b\u043c \u0434\u043b\u044f \u0436\u0438\u0437\u043d\u0438 \u043e\u0431\u043e\u0440\u043e\u043d\u044f\u044e\u0449\u0435\u0433\u043e\u0441\u044f.", "question": 7, "correct": true, "weight": 5}}, {"model": "questions.answer", "pk": 14, "fields": {"title": "\u0414\u0430, \u0438\u043c\u0435\u044e\u0442.", "question": 7, "correct": false, "weight": 1}}, {"model": "questions.answer", "pk": 15, "fields": {"title": "\u041d\u0435\u0442, \u043d\u0435 \u0438\u043c\u0435\u044e\u0442.", "question": 7, "correct": false, "weight": -5}}, {"model": "questions.answer", "pk": 16, "fields": {"title": "\u0421\u043d\u0430\u0440\u044f\u0436\u0435\u043d\u043d\u043e\u0433\u043e \u0434\u0440\u043e\u0431\u044c\u044e (\u043a\u0430\u0440\u0442\u0435\u0447\u044c\u044e) \u043a\u0440\u0443\u043f\u043d\u0435\u0435 \u0442\u0440\u0435\u0445 \u043c\u0438\u043b\u043b\u0438\u043c\u0435\u0442\u0440\u043e\u0432 \u0438 \u043f\u0443\u043b\u044f\u043c\u0438", "question": 8, "correct": true, "weight": 3}}, {"model": "questions.answer", "pk": 17, "fields": {"title": "\u0421\u043d\u0430\u0440\u044f\u0436\u0435\u043d\u043d\u043e\u0433\u043e \u0434\u0440\u043e\u0431\u044c\u044e (\u043a\u0430\u0440\u0442\u0435\u0447\u044c\u044e) \u043a\u0440\u0443\u043f\u043d\u0435\u0435 \u0447\u0435\u0442\u044b\u0440\u0435\u0445 \u043c\u0438\u043b\u043b\u0438\u043c\u0435\u0442\u0440\u043e\u0432 \u0438 \u043f\u0443\u043b\u044f\u043c\u0438", "question": 8, "correct": false, "weight": 1}}, {"model": "questions.answer", "pk": 18, "fields": {"title": "\u0421\u043d\u0430\u0440\u044f\u0436\u0435\u043d\u043d\u043e\u0433\u043e \u0434\u0440\u043e\u0431\u044c\u044e (\u043a\u0430\u0440\u0442\u0435\u0447\u044c\u044e) \u043a\u0440\u0443\u043f\u043d\u0435\u0435 \u043f\u044f\u0442\u0438 \u043c\u0438\u043b\u043b\u0438\u043c\u0435\u0442\u0440\u043e\u0432 \u0438 \u043f\u0443\u043b\u044f\u043c\u0438", "question": 8, "correct": false, "weight": -1}}, {"model": "questions.answer", "pk": 19, "fields": {"title": "\u043f\u043e\u0433\u0430\u043d\u043a\u0430", "question": 9, "correct": true, "weight": 3}}, {"model": "questions.answer", "pk": 20, "fields": {"title": "\u041d\u0430\u0432\u0430\u043b\u044c\u043d\u044b\u0439", "question": 9, "correct": true, "weight": 2}}, {"model": "questions.answer", "pk": 21, "fields": {"title": "\u041f\u0441\u0430\u043a\u0438", "question": 9, "correct": true, "weight": 3}}, {"model": "questions.answer", "pk": 22, "fields": {"title": "\u0413\u043e\u043d\u0434\u043e\u043b\u0438\u0437\u0430 \u0420\u0430\u0439\u0441", "question": 9, "correct": true, "weight": -3}}, {"model": "questions.answer", "pk": 23, "fields": {"title": "18-30", "question": 10, "correct": true, "weight": 0}}, {"model": "questions.answer", "pk": 24, "fields": {"title": "30-60", "question": 10, "correct": true, "weight": 0}}, {"model": "questions.answer", "pk": 25, "fields": {"title": "60+", "question": 10, "correct": true, "weight": 0}}, {"model": "questions.answer", "pk": 26, "fields": {"title": "\u0441 12.00 \u0434\u043e 18.00", "question": 11, "correct": false, "weight": 0}}, {"model": "questions.answer", "pk": 27, "fields": {"title": "\u0441 11.00 \u0434\u043e 15.00", "question": 11, "correct": true, "weight": 3}}, {"model": "questions.answer", "pk": 28, "fields": {"title": "\u0441 11.00 \u0434\u043e 13.00", "question": 11, "correct": false, "weight": 0}}, {"model": "questions.answer", "pk": 29, "fields": {"title": "\u0422\u043e\u043b\u044c\u043a\u043e \u0441\u043e \u0432\u0437\u0440\u043e\u0441\u043b\u044b\u043c\u0438.", "question": 12, "correct": false, "weight": -5}}, {"model": "questions.answer", "pk": 30, "fields": {"title": "\u041c\u043e\u0436\u043d\u043e, \u0432 \u0432\u043e\u0434\u0435 \u0433\u0440\u043e\u0437\u0430 \u043d\u0435 \u0441\u0442\u0440\u0430\u0448\u043d\u0430.", "question": 12, "correct": false, "weight": -2}}, {"model": "questions.answer", "pk": 31, "fields": {"title": "\u041d\u0435\u043b\u044c\u0437\u044f \u043d\u0438\u043a\u043e\u0433\u0434\u0430.", "question": 12, "correct": true, "weight": 4}}, {"model": "questions.answer", "pk": 32, "fields": {"title": "\u0437\u0435\u043b\u0435\u043d\u044b\u0445", "question": 13, "correct": true, "weight": 3}}, {"model": "questions.answer", "pk": 33, "fields": {"title": "\u0447\u0435\u0440\u043d\u044b\u0445", "question": 13, "correct": true, "weight": -1}}, {"model": "questions.answer", "pk": 34, "fields": {"title": "\u043a\u0440\u0430\u0441\u043d\u044b\u0445", "question": 13, "correct": true, "weight": -1}}, {"model": "questions.answer", "pk": 35, "fields": {"title": "\u0414\u043e\u043a\u0443\u043c\u0435\u043d\u0442\u044b, \u0443\u0434\u043e\u0441\u0442\u043e\u0432\u0435\u0440\u044f\u044e\u0449\u0438\u0435 \u0438\u0445 \u043b\u0438\u0447\u043d\u043e\u0441\u0442\u044c, \u0430 \u0442\u0430\u043a\u0436\u0435 \u0432\u044b\u0434\u0430\u043d\u043d\u044b\u0435 \u043e\u0440\u0433\u0430\u043d\u043e\u043c \u0432\u043d\u0443\u0442\u0440\u0435\u043d\u043d\u0438\u0445 \u0434\u0435\u043b \u043b\u0438\u0446\u0435\u043d\u0437\u0438\u044e \u043b\u0438\u0431\u043e \u0440\u0430\u0437\u0440\u0435\u0448\u0435\u043d\u0438\u0435 \u043d\u0430 \u0445\u0440\u0430\u043d\u0435\u043d\u0438\u0435 \u0438 \u043d\u043e\u0448\u0435\u043d\u0438\u0435 \u0438\u043c", "question": 15, "correct": true, "weight": 3}}, {"model": "questions.answer", "pk": 36, "fields": {"title": "\u0412\u044b\u0434\u0430\u043d\u043d\u043e\u0435 \u043e\u0440\u0433\u0430\u043d\u043e\u043c \u0432\u043d\u0443\u0442\u0440\u0435\u043d\u043d\u0438\u0445 \u0434\u0435\u043b \u0440\u0430\u0437\u0440\u0435\u0448\u0435\u043d\u0438\u0435 \u043d\u0430 \u0445\u0440\u0430\u043d\u0435\u043d\u0438\u0435 \u0438 \u043d\u043e\u0448\u0435\u043d\u0438\u0435 \u0438\u043c\u0435\u044e\u0449\u0435\u0433\u043e\u0441\u044f \u0443 \u043d\u0438\u0445 \u043e\u0440\u0443\u0436\u0438\u044f, \u043c\u0435\u0434\u0438\u0446\u0438\u043d\u0441\u043a\u0443\u044e \u0441\u043f\u0440\u0430\u0432\u043a\u0443 \u0444\u043e\u0440\u043c\u044b 046-1", "question": 15, "correct": true, "weight": 4}}, {"model": "questions.answer", "pk": 37, "fields": {"title": "\u0414\u043e\u043a\u0443\u043c\u0435\u043d\u0442\u044b, \u0443\u0434\u043e\u0441\u0442\u043e\u0432\u0435\u0440\u044f\u044e\u0449\u0438\u0435 \u0438\u0445 \u043b\u0438\u0447\u043d\u043e\u0441\u0442\u044c, \u043f\u0430\u0441\u043f\u043e\u0440\u0442 \u043d\u0430 \u043e\u0440\u0443\u0436\u0438\u0435 \u043e\u0442 \u043f\u0440\u0435\u0434\u043f\u0440\u0438\u044f\u0442\u0438\u044f-\u043f\u0440\u043e\u0438\u0437\u0432\u043e\u0434\u0438\u0442\u0435\u043b\u044f", "question": 15, "correct": true, "weight": 3}}, {"model": "questions.block", "pk": 1, "fields": {"type_block": "PL", "title": "\u041f\u0441\u0438\u0445\u043e\u043b\u043e\u0433\u0438\u044f", "description": "", "question_count": 0, "is_passed": false, "date_begin": "2020-08-10T06:30:27Z"}}, {"model": "questions.block", "pk": 2, "fields": {"type_block": "TS", "title": "\u041e\u0440\u0443\u0436\u0438\u0435", "description": "", "question_count": 0, "is_passed": false, "date_begin": "2020-08-10T06:31:33Z"}}, {"model": "questions.block", "pk": 3, "fields": {"type_block": "TS", "title": "\u041f\u043e\u0445\u043e\u0434 \u0432 \u043b\u0435\u0441", "description": "", "question_count": 0, "is_passed": false, "date_begin": "2020-08-10T07:00:58Z"}}, {"model": "questions.questioninblock", "pk": 1, "fields": {"question": 12, "block": 3}}, {"model": "questions.questioninblock", "pk": 2, "fields": {"question": 13, "block": 3}}, {"model": "questions.questioninblock", "pk": 3, "fields": {"question": 11, "block": 3}}, {"model": "questions.questioninblock", "pk": 4, "fields": {"question": 10, "block": 3}}, {"model": "questions.questioninblock", "pk": 5, "fields": {"question": 10, "block": 2}}, {"model": "questions.questioninblock", "pk": 6, "fields": {"question": 6, "block": 2}}, {"model": "questions.questioninblock", "pk": 7, "fields": {"question": 7, "block": 2}}, {"model": "questions.questioninblock", "pk": 8, "fields": {"question": 8, "block": 2}}, {"model": "questions.questioninblock", "pk": 9, "fields": {"question": 10, "block": 1}}, {"model": "questions.questioninblock", "pk": 10, "fields": {"question": 1, "block": 1}}, {"model": "questions.questioninblock", "pk": 11, "fields": {"question": 2, "block": 1}}, {"model": "questions.questioninblock", "pk": 12, "fields": {"question": 4, "block": 1}}, {"model": "questions.questioninblock", "pk": 13, "fields": {"question": 5, "block": 1}}, {"model": "questions.questioninblock", "pk": 14, "fields": {"question": 9, "block": 1}}, {"model": "contenttypes.contenttype", "pk": 1, "fields": {"app_label": "questions", "model": "answer"}}, {"model": "contenttypes.contenttype", "pk": 2, "fields": {"app_label": "questions", "model": "block"}}, {"model": "contenttypes.contenttype", "pk": 3, "fields": {"app_label": "questions", "model": "question"}}, {"model": "contenttypes.contenttype", "pk": 4, "fields": {"app_label": "questions", "model": "questioninblock"}}, {"model": "contenttypes.contenttype", "pk": 5, "fields": {"app_label": "questions", "model": "userprofile"}}, {"model": "contenttypes.contenttype", "pk": 6, "fields": {"app_label": "admin", "model": "logentry"}}, {"model": "contenttypes.contenttype", "pk": 7, "fields": {"app_label": "auth", "model": "permission"}}, {"model": "contenttypes.contenttype", "pk": 8, "fields": {"app_label": "auth", "model": "group"}}, {"model": "contenttypes.contenttype", "pk": 9, "fields": {"app_label": "auth", "model": "user"}}, {"model": "contenttypes.contenttype", "pk": 10, "fields": {"app_label": "contenttypes", "model": "contenttype"}}, {"model": "contenttypes.contenttype", "pk": 11, "fields": {"app_label": "sessions", "model": "session"}}, {"model": "sessions.session", "pk": "8d77166o3zlahsy7f6bgi6kp7jbrk9ts", "fields": {"session_data": "OGVkMGI0ZmYyMGIwZDMyZmIwMDQ0ZGU5OWRjY2YwODUwZjNkNDdkMDp7Il9hdXRoX3VzZXJfaWQiOiIxIiwiX2F1dGhfdXNlcl9iYWNrZW5kIjoiZGphbmdvLmNvbnRyaWIuYXV0aC5iYWNrZW5kcy5Nb2RlbEJhY2tlbmQiLCJfYXV0aF91c2VyX2hhc2giOiI3MDVmNTA5ZjZjNzY0MWVkMmMzNGYwZGMxZWMwZDhlMmM4YzJjOGJiIn0=", "expire_date": "2020-08-23T18:53:10.883Z"}}, {"model": "sessions.session", "pk": "pd23279m28fa64c7eyv5u4krjeen9xdb", "fields": {"session_data": "OGVkMGI0ZmYyMGIwZDMyZmIwMDQ0ZGU5OWRjY2YwODUwZjNkNDdkMDp7Il9hdXRoX3VzZXJfaWQiOiIxIiwiX2F1dGhfdXNlcl9iYWNrZW5kIjoiZGphbmdvLmNvbnRyaWIuYXV0aC5iYWNrZW5kcy5Nb2RlbEJhY2tlbmQiLCJfYXV0aF91c2VyX2hhc2giOiI3MDVmNTA5ZjZjNzY0MWVkMmMzNGYwZGMxZWMwZDhlMmM4YzJjOGJiIn0=", "expire_date": "2020-08-24T07:02:04.937Z"}}, {"model": "sessions.session", "pk": "q9ppel168mlalfuic1suzksuqvs38hd7", "fields": {"session_data": "OGVkMGI0ZmYyMGIwZDMyZmIwMDQ0ZGU5OWRjY2YwODUwZjNkNDdkMDp7Il9hdXRoX3VzZXJfaWQiOiIxIiwiX2F1dGhfdXNlcl9iYWNrZW5kIjoiZGphbmdvLmNvbnRyaWIuYXV0aC5iYWNrZW5kcy5Nb2RlbEJhY2tlbmQiLCJfYXV0aF91c2VyX2hhc2giOiI3MDVmNTA5ZjZjNzY0MWVkMmMzNGYwZGMxZWMwZDhlMmM4YzJjOGJiIn0=", "expire_date": "2020-08-23T18:05:22.946Z"}}, {"model": "sessions.session", "pk": "qvioaaj9v5pma1xzgimc8sg10ovwwd4a", "fields": {"session_data": "MjY2NDBlNzIwZTYxZTllODBjMGI4MzFjNzYzMjk2YWJmNzJkZjIyZDp7Il9hdXRoX3VzZXJfaWQiOiIyIiwiX2F1dGhfdXNlcl9iYWNrZW5kIjoiZGphbmdvLmNvbnRyaWIuYXV0aC5iYWNrZW5kcy5Nb2RlbEJhY2tlbmQiLCJfYXV0aF91c2VyX2hhc2giOiI1OWM3Yzk2MTQ5NDYxYjhmZGQzMjFjMjZlODczY2IzMTNkMmExYTUwIn0=", "expire_date": "2020-08-25T08:20:34.274Z"}}, {"model": "sessions.session", "pk": "s70bk3fir18j5sy2zs6greryflva0wtk", "fields": {"session_data": "Y2VhZmFlNjBjNGIyNDZiMWJhYzc1MmYyZmJhNDM3MTI0YTlkZWRmZjp7Il9hdXRoX3VzZXJfaWQiOiIxIiwiX2F1dGhfdXNlcl9iYWNrZW5kIjoiZGphbmdvLmNvbnRyaWIuYXV0aC5iYWNrZW5kcy5Nb2RlbEJhY2tlbmQiLCJfYXV0aF91c2VyX2hhc2giOiI5MTE0Y2U5MzllZWUwOTAxY2Y4NDE3Mzk3M2FkYTgyZDM3NjkyOWQ4In0=", "expire_date": "2020-08-22T19:43:11.945Z"}}, {"model": "sessions.session", "pk": "yw7rjshtypn06dqwcgy8haxucf2etnl2", "fields": {"session_data": "Y2VhZmFlNjBjNGIyNDZiMWJhYzc1MmYyZmJhNDM3MTI0YTlkZWRmZjp7Il9hdXRoX3VzZXJfaWQiOiIxIiwiX2F1dGhfdXNlcl9iYWNrZW5kIjoiZGphbmdvLmNvbnRyaWIuYXV0aC5iYWNrZW5kcy5Nb2RlbEJhY2tlbmQiLCJfYXV0aF91c2VyX2hhc2giOiI5MTE0Y2U5MzllZWUwOTAxY2Y4NDE3Mzk3M2FkYTgyZDM3NjkyOWQ4In0=", "expire_date": "2020-08-22T20:22:49.613Z"}}, {"model": "auth.permission", "pk": 1, "fields": {"name": "Can add \u041e\u0442\u0432\u0435\u0442", "content_type": 1, "codename": "add_answer"}}, {"model": "auth.permission", "pk": 2, "fields": {"name": "Can change \u041e\u0442\u0432\u0435\u0442", "content_type": 1, "codename": "change_answer"}}, {"model": "auth.permission", "pk": 3, "fields": {"name": "Can delete \u041e\u0442\u0432\u0435\u0442", "content_type": 1, "codename": "delete_answer"}}, {"model": "auth.permission", "pk": 4, "fields": {"name": "Can view \u041e\u0442\u0432\u0435\u0442", "content_type": 1, "codename": "view_answer"}}, {"model": "auth.permission", "pk": 5, "fields": {"name": "Can add \u0411\u043b\u043e\u043a \u0442\u0435\u0441\u0442\u043e\u0432", "content_type": 2, "codename": "add_block"}}, {"model": "auth.permission", "pk": 6, "fields": {"name": "Can change \u0411\u043b\u043e\u043a \u0442\u0435\u0441\u0442\u043e\u0432", "content_type": 2, "codename": "change_block"}}, {"model": "auth.permission", "pk": 7, "fields": {"name": "Can delete \u0411\u043b\u043e\u043a \u0442\u0435\u0441\u0442\u043e\u0432", "content_type": 2, "codename": "delete_block"}}, {"model": "auth.permission", "pk": 8, "fields": {"name": "Can view \u0411\u043b\u043e\u043a \u0442\u0435\u0441\u0442\u043e\u0432", "content_type": 2, "codename": "view_block"}}, {"model": "auth.permission", "pk": 9, "fields": {"name": "Can add \u0412\u043e\u043f\u0440\u043e\u0441", "content_type": 3, "codename": "add_question"}}, {"model": "auth.permission", "pk": 10, "fields": {"name": "Can change \u0412\u043e\u043f\u0440\u043e\u0441", "content_type": 3, "codename": "change_question"}}, {"model": "auth.permission", "pk": 11, "fields": {"name": "Can delete \u0412\u043e\u043f\u0440\u043e\u0441", "content_type": 3, "codename": "delete_question"}}, {"model": "auth.permission", "pk": 12, "fields": {"name": "Can view \u0412\u043e\u043f\u0440\u043e\u0441", "content_type": 3, "codename": "view_question"}}, {"model": "auth.permission", "pk": 13, "fields": {"name": "Can add \u0412\u043e\u043f\u0440\u043e\u0441 \u0432 \u0431\u043b\u043e\u043a\u0435", "content_type": 4, "codename": "add_questioninblock"}}, {"model": "auth.permission", "pk": 14, "fields": {"name": "Can change \u0412\u043e\u043f\u0440\u043e\u0441 \u0432 \u0431\u043b\u043e\u043a\u0435", "content_type": 4, "codename": "change_questioninblock"}}, {"model": "auth.permission", "pk": 15, "fields": {"name": "Can delete \u0412\u043e\u043f\u0440\u043e\u0441 \u0432 \u0431\u043b\u043e\u043a\u0435", "content_type": 4, "codename": "delete_questioninblock"}}, {"model": "auth.permission", "pk": 16, "fields": {"name": "Can view \u0412\u043e\u043f\u0440\u043e\u0441 \u0432 \u0431\u043b\u043e\u043a\u0435", "content_type": 4, "codename": "view_questioninblock"}}, {"model": "auth.permission", "pk": 17, "fields": {"name": "Can add \u0421\u0442\u0430\u0442\u0438\u0441\u0442\u0438\u043a\u0430 \u043f\u043e\u043b\u044c\u0437\u043e\u0432\u0430\u0442\u0435\u043b\u044f", "content_type": 5, "codename": "add_userprofile"}}, {"model": "auth.permission", "pk": 18, "fields": {"name": "Can change \u0421\u0442\u0430\u0442\u0438\u0441\u0442\u0438\u043a\u0430 \u043f\u043e\u043b\u044c\u0437\u043e\u0432\u0430\u0442\u0435\u043b\u044f", "content_type": 5, "codename": "change_userprofile"}}, {"model": "auth.permission", "pk": 19, "fields": {"name": "Can delete \u0421\u0442\u0430\u0442\u0438\u0441\u0442\u0438\u043a\u0430 \u043f\u043e\u043b\u044c\u0437\u043e\u0432\u0430\u0442\u0435\u043b\u044f", "content_type": 5, "codename": "delete_userprofile"}}, {"model": "auth.permission", "pk": 20, "fields": {"name": "Can view \u0421\u0442\u0430\u0442\u0438\u0441\u0442\u0438\u043a\u0430 \u043f\u043e\u043b\u044c\u0437\u043e\u0432\u0430\u0442\u0435\u043b\u044f", "content_type": 5, "codename": "view_userprofile"}}, {"model": "auth.permission", "pk": 21, "fields": {"name": "Can add log entry", "content_type": 6, "codename": "add_logentry"}}, {"model": "auth.permission", "pk": 22, "fields": {"name": "Can change log entry", "content_type": 6, "codename": "change_logentry"}}, {"model": "auth.permission", "pk": 23, "fields": {"name": "Can delete log entry", "content_type": 6, "codename": "delete_logentry"}}, {"model": "auth.permission", "pk": 24, "fields": {"name": "Can view log entry", "content_type": 6, "codename": "view_logentry"}}, {"model": "auth.permission", "pk": 25, "fields": {"name": "Can add permission", "content_type": 7, "codename": "add_permission"}}, {"model": "auth.permission", "pk": 26, "fields": {"name": "Can change permission", "content_type": 7, "codename": "change_permission"}}, {"model": "auth.permission", "pk": 27, "fields": {"name": "Can delete permission", "content_type": 7, "codename": "delete_permission"}}, {"model": "auth.permission", "pk": 28, "fields": {"name": "Can view permission", "content_type": 7, "codename": "view_permission"}}, {"model": "auth.permission", "pk": 29, "fields": {"name": "Can add group", "content_type": 8, "codename": "add_group"}}, {"model": "auth.permission", "pk": 30, "fields": {"name": "Can change group", "content_type": 8, "codename": "change_group"}}, {"model": "auth.permission", "pk": 31, "fields": {"name": "Can delete group", "content_type": 8, "codename": "delete_group"}}, {"model": "auth.permission", "pk": 32, "fields": {"name": "Can view group", "content_type": 8, "codename": "view_group"}}, {"model": "auth.permission", "pk": 33, "fields": {"name": "Can add user", "content_type": 9, "codename": "add_user"}}, {"model": "auth.permission", "pk": 34, "fields": {"name": "Can change user", "content_type": 9, "codename": "change_user"}}, {"model": "auth.permission", "pk": 35, "fields": {"name": "Can delete user", "content_type": 9, "codename": "delete_user"}}, {"model": "auth.permission", "pk": 36, "fields": {"name": "Can view user", "content_type": 9, "codename": "view_user"}}, {"model": "auth.permission", "pk": 37, "fields": {"name": "Can add content type", "content_type": 10, "codename": "add_contenttype"}}, {"model": "auth.permission", "pk": 38, "fields": {"name": "Can change content type", "content_type": 10, "codename": "change_contenttype"}}, {"model": "auth.permission", "pk": 39, "fields": {"name": "Can delete content type", "content_type": 10, "codename": "delete_contenttype"}}, {"model": "auth.permission", "pk": 40, "fields": {"name": "Can view content type", "content_type": 10, "codename": "view_contenttype"}}, {"model": "auth.permission", "pk": 41, "fields": {"name": "Can add session", "content_type": 11, "codename": "add_session"}}, {"model": "auth.permission", "pk": 42, "fields": {"name": "Can change session", "content_type": 11, "codename": "change_session"}}, {"model": "auth.permission", "pk": 43, "fields": {"name": "Can delete session", "content_type": 11, "codename": "delete_session"}}, {"model": "auth.permission", "pk": 44, "fields": {"name": "Can view session", "content_type": 11, "codename": "view_session"}}, {"model": "auth.user", "pk": 1, "fields": {"password": "pbkdf2_sha256$180000$xrD4fqe0MsFo$L4gkyHyfVbJfLXdPsoGXH5llcRvJZz7sMllaHTVowgg=", "last_login": "2020-08-12T11:24:37.779Z", "is_superuser": true, "username": "admin", "first_name": "", "last_name": "", "email": "zkokaznew@mail.ru", "is_staff": true, "is_active": true, "date_joined": "2020-08-08T19:42:57.675Z", "groups": [], "user_permissions": []}}, {"model": "auth.user", "pk": 2, "fields": {"password": "pbkdf2_sha256$180000$AtXafIhoap9C$w1wPHjJdMKgjTwLmxqig2KCv0NAabEzIBFZ1LT9qSrw=", "last_login": "2020-08-12T11:06:56.170Z", "is_superuser": false, "username": "user1", "first_name": "", "last_name": "", "email": "", "is_staff": false, "is_active": true, "date_joined": "2020-08-09T20:11:20.380Z", "groups": [], "user_permissions": []}}, {"model": "auth.user", "pk": 3, "fields": {"password": "pbkdf2_sha256$180000$i4kSyezW6hxW$9jWmBffS6SsXYDhWe7ZvCnrYbMuXkio3ti4cgxjCtto=", "last_login": "2020-08-10T12:43:32.278Z", "is_superuser": false, "username": "user2", "first_name": "user2", "last_name": "", "email": "", "is_staff": false, "is_active": true, "date_joined": "2020-08-10T12:43:05.193Z", "groups": [], "user_permissions": []}}, {"model": "auth.user", "pk": 4, "fields": {"password": "pbkdf2_sha256$180000$a2OsMnGwTXhj$XDE1oUcwUPkmArqPRVMskUAo8OUOZ11LrGq/V9E7imk=", "last_login": "2020-08-12T13:41:48.924Z", "is_superuser": false, "username": "31", "first_name": "31", "last_name": "", "email": "", "is_staff": false, "is_active": true, "date_joined": "2020-08-12T13:41:42.919Z", "groups": [], "user_permissions": []}}, {"model": "admin.logentry", "pk": 1, "fields": {"action_time": "2020-08-10T06:31:19.166Z", "user": 1, "content_type": 2, "object_id": "1", "object_repr": "\u041f\u0441\u0438\u0445\u043e\u043b\u043e\u0433\u0438\u044f", "action_flag": 1, "change_message": "[{\"added\": {}}]"}}, {"model": "admin.logentry", "pk": 2, "fields": {"action_time": "2020-08-10T06:31:30.460Z", "user": 1, "content_type": 2, "object_id": "1", "object_repr": "\u041f\u0441\u0438\u0445\u043e\u043b\u043e\u0433\u0438\u044f", "action_flag": 2, "change_message": "[]"}}, {"model": "admin.logentry", "pk": 3, "fields": {"action_time": "2020-08-10T06:31:48.372Z", "user": 1, "content_type": 2, "object_id": "2", "object_repr": "\u041e\u0440\u0443\u0436\u0438\u0435", "action_flag": 1, "change_message": "[{\"added\": {}}]"}}, {"model": "admin.logentry", "pk": 4, "fields": {"action_time": "2020-08-10T06:32:38.124Z", "user": 1, "content_type": 2, "object_id": "3", "object_repr": "\u041f\u043e\u0445\u043e\u0434 \u0432 \u043b\u0435\u0441", "action_flag": 1, "change_message": "[{\"added\": {}}]"}}, {"model": "admin.logentry", "pk": 5, "fields": {"action_time": "2020-08-10T06:39:49.448Z", "user": 1, "content_type": 3, "object_id": "1", "object_repr": "id=1 -  \u0415\u0441\u043b\u0438 \u043a\u0442\u043e-\u0442\u043e \u0438\u0434\u0451\u0442 \u0432 \u043b\u0435\u0441 \u0437\u0430 \u0433\u0440\u0438\u0431\u0430\u043c\u0438 \u043d\u0430 \u0445\u043e\u0434\u0443\u043b\u044f\u0445, \u043e\u043d \u043f\u043e\u0441\u0442\u0443\u043f\u0430\u0435\u0442 \u0442\u0430\u043a:", "action_flag": 1, "change_message": "[{\"added\": {}}, {\"added\": {\"name\": \"\\u041e\\u0442\\u0432\\u0435\\u0442\", \"object\": \"\\u0447\\u0442\\u043e\\u0431\\u044b \\u0431\\u044b\\u043b\\u043e \\u0438\\u043d\\u0442\\u0438\\u043c\\u043d\\u0435\\u0435. - \\u0432\\u0435\\u0441: 5\"}}, {\"added\": {\"name\": \"\\u041e\\u0442\\u0432\\u0435\\u0442\", \"object\": \"\\u0447\\u0442\\u043e\\u0431\\u044b \\u043b\\u0443\\u0447\\u0448\\u0435 \\u0432\\u0438\\u0434\\u0435\\u0442\\u044c \\u0433\\u0440\\u0438\\u0431\\u044b. - \\u0432\\u0435\\u0441: 5\"}}]"}}, {"model": "admin.logentry", "pk": 6, "fields": {"action_time": "2020-08-10T06:39:55.871Z", "user": 1, "content_type": 3, "object_id": "1", "object_repr": "id=1 -  \u0415\u0441\u043b\u0438 \u043a\u0442\u043e-\u0442\u043e \u0438\u0434\u0451\u0442 \u0432 \u043b\u0435\u0441 \u0437\u0430 \u0433\u0440\u0438\u0431\u0430\u043c\u0438 \u043d\u0430 \u0445\u043e\u0434\u0443\u043b\u044f\u0445, \u043e\u043d \u043f\u043e\u0441\u0442\u0443\u043f\u0430\u0435\u0442 \u0442\u0430\u043a:", "action_flag": 2, "change_message": "[]"}}, {"model": "admin.logentry", "pk": 7, "fields": {"action_time": "2020-08-10T06:40:37.643Z", "user": 1, "content_type": 3, "object_id": "2", "object_repr": "id=2 -  \u0415\u0441\u043b\u0438 \u0447\u0435\u043b\u043e\u0432\u0435\u043a, \u0442\u043e\u0440\u0433\u0443\u044e\u0449\u0438\u0439 \u043f\u0438\u0432\u043e\u043c \u0438\u0437 \u0431\u043e\u0447\u043a\u0438, \u0432\u0434\u0440\u0443\u0433 \u043f\u0440\u043e\u0441\u0438\u0442 \u043a\u043e\u0433\u043e-\u0442\u043e \u0438\u0437 \u043e\u0447\u0435\u0440\u0435\u0434\u0438 \u043f\u0440\u0438\u043d\u0435\u0441\u0442\u0438 \u0435\u043c\u0443 \u043b\u0438\u043c\u043e\u043d\u0430\u0434\u0430, \u043e\u043d \u043f\u043e\u0441\u0442\u0443\u043f\u0430\u0435\u0442 \u0442\u0430\u043a:", "action_flag": 1, "change_message": "[{\"added\": {}}, {\"added\": {\"name\": \"\\u041e\\u0442\\u0432\\u0435\\u0442\", \"object\": \"\\u043f\\u043e\\u0442\\u043e\\u043c\\u0443 \\u0447\\u0442\\u043e \\u0437\\u0430 \\u0441\\u0432\\u043e\\u0438 \\u0434\\u0435\\u043d\\u044c\\u0433\\u0438 \\u043e\\u043d \\u0445\\u043e\\u0447\\u0435\\u0442 \\u0432\\u044b\\u043f\\u0438\\u0442\\u044c \\u0447\\u0442\\u043e-\\u043d\\u0438\\u0431\\u0443\\u0434\\u044c \\u043f\\u043e\\u043b\\u0443\\u0447\\u0448\\u0435. - \\u0432\\u0435\\u0441: 4\"}}]"}}, {"model": "admin.logentry", "pk": 8, "fields": {"action_time": "2020-08-10T06:40:55.927Z", "user": 1, "content_type": 3, "object_id": "2", "object_repr": "id=2 -  \u0415\u0441\u043b\u0438 \u0447\u0435\u043b\u043e\u0432\u0435\u043a, \u0442\u043e\u0440\u0433\u0443\u044e\u0449\u0438\u0439 \u043f\u0438\u0432\u043e\u043c \u0438\u0437 \u0431\u043e\u0447\u043a\u0438, \u0432\u0434\u0440\u0443\u0433 \u043f\u0440\u043e\u0441\u0438\u0442 \u043a\u043e\u0433\u043e-\u0442\u043e \u0438\u0437 \u043e\u0447\u0435\u0440\u0435\u0434\u0438 \u043f\u0440\u0438\u043d\u0435\u0441\u0442\u0438 \u0435\u043c\u0443 \u043b\u0438\u043c\u043e\u043d\u0430\u0434\u0430, \u043e\u043d \u043f\u043e\u0441\u0442\u0443\u043f\u0430\u0435\u0442 \u0442\u0430\u043a:", "action_flag": 2, "change_message": "[{\"added\": {\"name\": \"\\u041e\\u0442\\u0432\\u0435\\u0442\", \"object\": \"\\u043f\\u043e\\u0442\\u043e\\u043c\\u0443 \\u0447\\u0442\\u043e \\u0432\\u0447\\u0435\\u0440\\u0430 \\u0432\\u0441\\u0442\\u0430\\u043b \\u043d\\u0430 \\u043f\\u0440\\u0430\\u0432\\u0438\\u043b\\u044c\\u043d\\u044b\\u0439 \\u043f\\u0443\\u0442\\u044c. - \\u0432\\u0435\\u0441: 8\"}}]"}}, {"model": "admin.logentry", "pk": 9, "fields": {"action_time": "2020-08-10T06:41:44.030Z", "user": 1, "content_type": 3, "object_id": "3", "object_repr": "id=3 -  \u0421\u043b\u0443\u0447\u0430\u0439\u043d\u044b\u0439 \u043f\u0440\u043e\u0445\u043e\u0436\u0438\u0439 \u043f\u0440\u043e\u0441\u0438\u0442 \u0432\u0430\u0441 \u0434\u0430\u0442\u044c \u0435\u043c\u0443 100 \u0440\u0443\u0431\u043b\u0435\u0439. \u0412\u044b \u043e\u0442\u0432\u0435\u0447\u0430\u0435\u0442\u0435:", "action_flag": 1, "change_message": "[{\"added\": {}}]"}}, {"model": "admin.logentry", "pk": 10, "fields": {"action_time": "2020-08-10T06:42:28.863Z", "user": 1, "content_type": 3, "object_id": "4", "object_repr": "id=4 -  \u0421\u043b\u0443\u0447\u0430\u0439\u043d\u044b\u0439 \u043f\u0440\u043e\u0445\u043e\u0436\u0438\u0439 \u043f\u0440\u043e\u0441\u0438\u0442 \u0432\u0430\u0441 \u0434\u0430\u0442\u044c \u0435\u043c\u0443 100 \u0440\u0443\u0431\u043b\u0435\u0439. \u0412\u044b \u043e\u0442\u0432\u0435\u0447\u0430\u0435\u0442\u0435:", "action_flag": 1, "change_message": "[{\"added\": {}}, {\"added\": {\"name\": \"\\u041e\\u0442\\u0432\\u0435\\u0442\", \"object\": \"\\u0412\\u044b \\u0447\\u0438\\u0442\\u0430\\u0435\\u0442\\u0435 \\u043c\\u043e\\u0438 \\u043c\\u044b\\u0441\\u043b\\u0438. - \\u0432\\u0435\\u0441: 5\"}}, {\"added\": {\"name\": \"\\u041e\\u0442\\u0432\\u0435\\u0442\", \"object\": \"\\u0417\\u0430\\u0447\\u0435\\u043c \\u043e\\u043d\\u0438 \\u0412\\u0430\\u043c? - \\u0432\\u0435\\u0441: 3\"}}]"}}, {"model": "admin.logentry", "pk": 11, "fields": {"action_time": "2020-08-10T06:42:32.062Z", "user": 1, "content_type": 3, "object_id": "4", "object_repr": "id=4 -  \u0421\u043b\u0443\u0447\u0430\u0439\u043d\u044b\u0439 \u043f\u0440\u043e\u0445\u043e\u0436\u0438\u0439 \u043f\u0440\u043e\u0441\u0438\u0442 \u0432\u0430\u0441 \u0434\u0430\u0442\u044c \u0435\u043c\u0443 100 \u0440\u0443\u0431\u043b\u0435\u0439. \u0412\u044b \u043e\u0442\u0432\u0435\u0447\u0430\u0435\u0442\u0435:", "action_flag": 2, "change_message": "[]"}}, {"model": "admin.logentry", "pk": 12, "fields": {"action_time": "2020-08-10T06:43:01.178Z", "user": 1, "content_type": 3, "object_id": "5", "object_repr": "id=5 -  \u0412 \u043a\u0443\u043b\u044c\u043c\u0438\u043d\u0430\u0446\u0438\u043e\u043d\u043d\u044b\u0439 \u043c\u043e\u043c\u0435\u043d\u0442 \u0442\u0435\u043b\u0435\u0432\u0438\u0437\u0438\u043e\u043d\u043d\u043e\u0433\u043e \u0434\u0435\u0442\u0435\u043a\u0442\u0438\u0432\u043d\u043e\u0433\u043e \u0444\u0438\u043b\u044c\u043c\u0430 \u0432\u0434\u0440\u0443\u0433 \u0433\u0430\u0441\u043d\u0435\u0442 \u044d\u043a\u0440\u0430\u043d. \u0412\u044b \u0441\u0447\u0438\u0442\u0430\u0435\u0442\u0435 \u044d\u0442\u043e:", "action_flag": 1, "change_message": "[{\"added\": {}}, {\"added\": {\"name\": \"\\u041e\\u0442\\u0432\\u0435\\u0442\", \"object\": \"\\u043f\\u0440\\u0435\\u043a\\u0440\\u0430\\u0441\\u043d\\u043e\\u0439 \\u0432\\u043e\\u0437\\u043c\\u043e\\u0436\\u043d\\u043e\\u0441\\u0442\\u044c\\u044e \\u043f\\u0440\\u0438\\u0434\\u0443\\u043c\\u0430\\u0442\\u044c \\u0441\\u0432\\u043e\\u044e \\u0432\\u0435\\u0440\\u0441\\u0438\\u044e. - \\u0432\\u0435\\u0441: 0\"}}]"}}, {"model": "admin.logentry", "pk": 13, "fields": {"action_time": "2020-08-10T06:43:37.840Z", "user": 1, "content_type": 3, "object_id": "5", "object_repr": "id=5 -  \u0412 \u043a\u0443\u043b\u044c\u043c\u0438\u043d\u0430\u0446\u0438\u043e\u043d\u043d\u044b\u0439 \u043c\u043e\u043c\u0435\u043d\u0442 \u0442\u0435\u043b\u0435\u0432\u0438\u0437\u0438\u043e\u043d\u043d\u043e\u0433\u043e \u0434\u0435\u0442\u0435\u043a\u0442\u0438\u0432\u043d\u043e\u0433\u043e \u0444\u0438\u043b\u044c\u043c\u0430 \u0432\u0434\u0440\u0443\u0433 \u0433\u0430\u0441\u043d\u0435\u0442 \u044d\u043a\u0440\u0430\u043d. \u0412\u044b \u0441\u0447\u0438\u0442\u0430\u0435\u0442\u0435 \u044d\u0442\u043e:", "action_flag": 2, "change_message": "[{\"added\": {\"name\": \"\\u041e\\u0442\\u0432\\u0435\\u0442\", \"object\": \"\\u043f\\u043b\\u043e\\u0445\\u043e\\u0439 \\u0440\\u0430\\u0431\\u043e\\u0442\\u043e\\u0439 \\u044d\\u043b\\u0435\\u043a\\u0442\\u0440\\u043e\\u043f\\u043e\\u0434\\u0441\\u0442\\u0430\\u043d\\u0446\\u0438\\u0438. - \\u0432\\u0435\\u0441: 3\"}}, {\"added\": {\"name\": \"\\u041e\\u0442\\u0432\\u0435\\u0442\", \"object\": \"\\u043e\\u043f\\u044f\\u0442\\u044c \\u0427\\u0443\\u0431\\u0430\\u0439\\u0441? - \\u0432\\u0435\\u0441: 6\"}}, {\"changed\": {\"name\": \"\\u041e\\u0442\\u0432\\u0435\\u0442\", \"object\": \"\\u043f\\u0440\\u0435\\u043a\\u0440\\u0430\\u0441\\u043d\\u043e\\u0439 \\u0432\\u043e\\u0437\\u043c\\u043e\\u0436\\u043d\\u043e\\u0441\\u0442\\u044c\\u044e \\u043f\\u0440\\u0438\\u0434\\u0443\\u043c\\u0430\\u0442\\u044c \\u0441\\u0432\\u043e\\u044e \\u0432\\u0435\\u0440\\u0441\\u0438\\u044e. - \\u0432\\u0435\\u0441: 2\", \"fields\": [\"\\u0412\\u0435\\u0441 \\u043e\\u0442\\u0432\\u0435\\u0442\\u0430 \\u0432 \\u043e\\u043f\\u0440\\u043e\\u0441\\u043d\\u0438\\u043a\\u0435\"]}}]"}}, {"model": "admin.logentry", "pk": 14, "fields": {"action_time": "2020-08-10T06:44:09.893Z", "user": 1, "content_type": 3, "object_id": "6", "object_repr": "id=6 -  \u0412\u043e\u0437\u0440\u0430\u0441\u0442, \u043f\u043e \u0434\u043e\u0441\u0442\u0438\u0436\u0435\u043d\u0438\u0438 \u043a\u043e\u0442\u043e\u0440\u043e\u0433\u043e \u0433\u0440\u0430\u0436\u0434\u0430\u043d\u0435 \u0420\u043e\u0441\u0441\u0438\u0439\u0441\u043a\u043e\u0439 \u0424\u0435\u0434\u0435\u0440\u0430\u0446\u0438\u0438 \u043c\u043e\u0433\u0443\u0442 \u043f\u043e\u043b\u0443\u0447\u0438\u0442\u044c \u0440\u0430\u0437\u0440\u0435\u0448\u0435\u043d\u0438\u044f \u043d\u0430 \u0445\u0440\u0430\u043d\u0435\u043d\u0438\u0435 \u0438\u043b\u0438 \u0445\u0440\u0430\u043d\u0435\u043d\u0438\u0435 \u0438 \u043d\u043e\u0448\u0435\u043d\u0438\u0435 \u043e\u0445\u043e\u0442\u043d\u0438\u0447\u044c\u0435\u0433\u043e \u043e\u0433\u043d\u0435\u0441\u0442\u0440\u0435\u043b\u044c\u043d\u043e\u0433\u043e \u0433\u043b\u0430\u0434\u043a\u043e\u0441\u0442\u0432\u043e\u043b\u044c\u043d\u043e\u0433\u043e \u043e\u0440\u0443\u0436\u0438\u044f:", "action_flag": 1, "change_message": "[{\"added\": {}}, {\"added\": {\"name\": \"\\u041e\\u0442\\u0432\\u0435\\u0442\", \"object\": \"\\u041d\\u0435 \\u043c\\u043e\\u0436\\u0435\\u0442 \\u0431\\u044b\\u0442\\u044c \\u0441\\u043d\\u0438\\u0436\\u0435\\u043d. - \\u0432\\u0435\\u0441: 3\"}}]"}}, {"model": "admin.logentry", "pk": 15, "fields": {"action_time": "2020-08-10T06:44:31.963Z", "user": 1, "content_type": 3, "object_id": "6", "object_repr": "id=6 -  \u0412\u043e\u0437\u0440\u0430\u0441\u0442, \u043f\u043e \u0434\u043e\u0441\u0442\u0438\u0436\u0435\u043d\u0438\u0438 \u043a\u043e\u0442\u043e\u0440\u043e\u0433\u043e \u0433\u0440\u0430\u0436\u0434\u0430\u043d\u0435 \u0420\u043e\u0441\u0441\u0438\u0439\u0441\u043a\u043e\u0439 \u0424\u0435\u0434\u0435\u0440\u0430\u0446\u0438\u0438 \u043c\u043e\u0433\u0443\u0442 \u043f\u043e\u043b\u0443\u0447\u0438\u0442\u044c \u0440\u0430\u0437\u0440\u0435\u0448\u0435\u043d\u0438\u044f \u043d\u0430 \u0445\u0440\u0430\u043d\u0435\u043d\u0438\u0435 \u0438\u043b\u0438 \u0445\u0440\u0430\u043d\u0435\u043d\u0438\u0435 \u0438 \u043d\u043e\u0448\u0435\u043d\u0438\u0435 \u043e\u0445\u043e\u0442\u043d\u0438\u0447\u044c\u0435\u0433\u043e \u043e\u0433\u043d\u0435\u0441\u0442\u0440\u0435\u043b\u044c\u043d\u043e\u0433\u043e \u0433\u043b\u0430\u0434\u043a\u043e\u0441\u0442\u0432\u043e\u043b\u044c\u043d\u043e\u0433\u043e \u043e\u0440\u0443\u0436\u0438\u044f:", "action_flag": 2, "change_message": "[{\"added\": {\"name\": \"\\u041e\\u0442\\u0432\\u0435\\u0442\", \"object\": \"\\u041c\\u043e\\u0436\\u0435\\u0442 \\u0431\\u044b\\u0442\\u044c \\u0441\\u043d\\u0438\\u0436\\u0435\\u043d \\u043f\\u043e \\u0440\\u0435\\u0448\\u0435\\u043d\\u0438\\u044e \\u0437\\u0430\\u043a\\u043e\\u043d\\u043e\\u0434\\u0430\\u0442\\u0435\\u043b\\u044c\\u043d\\u043e\\u0433\\u043e (\\u043f\\u0440\\u0435\\u0434\\u0441\\u0442\\u0430\\u0432\\u0438\\u0442\\u0435\\u043b\\u044c\\u043d\\u043e\\u0433\\u043e) \\u043e\\u0440\\u0433\\u0430\\u043d\\u0430 \\u0433\\u043e\\u0441\\u0443\\u0434\\u0430\\u0440\\u0441\\u0442\\u0432\\u0435\\u043d\\u043d\\u043e\\u0439 \\u0432\\u043b\\u0430\\u0441\\u0442\\u0438 \\u0441\\u0443\\u0431\\u044a\\u0435\\u043a\\u0442\\u0430 \\u0420\\u043e\\u0441\\u0441\\u0438\\u0439\\u0441\\u043a\\u043e\\u0439 \\u0424\\u0435\\u0434\\u0435\\u0440\\u0430\\u0446\\u0438\\u0438, \\u043d - \\u0432\\u0435\\u0441: 6\"}}]"}}, {"model": "admin.logentry", "pk": 16, "fields": {"action_time": "2020-08-10T06:44:48.622Z", "user": 1, "content_type": 3, "object_id": "6", "object_repr": "id=6 -  \u0412\u043e\u0437\u0440\u0430\u0441\u0442, \u043f\u043e \u0434\u043e\u0441\u0442\u0438\u0436\u0435\u043d\u0438\u0438 \u043a\u043e\u0442\u043e\u0440\u043e\u0433\u043e \u0433\u0440\u0430\u0436\u0434\u0430\u043d\u0435 \u0420\u043e\u0441\u0441\u0438\u0439\u0441\u043a\u043e\u0439 \u0424\u0435\u0434\u0435\u0440\u0430\u0446\u0438\u0438 \u043c\u043e\u0433\u0443\u0442 \u043f\u043e\u043b\u0443\u0447\u0438\u0442\u044c \u0440\u0430\u0437\u0440\u0435\u0448\u0435\u043d\u0438\u044f \u043d\u0430 \u0445\u0440\u0430\u043d\u0435\u043d\u0438\u0435 \u0438\u043b\u0438 \u0445\u0440\u0430\u043d\u0435\u043d\u0438\u0435 \u0438 \u043d\u043e\u0448\u0435\u043d\u0438\u0435 \u043e\u0445\u043e\u0442\u043d\u0438\u0447\u044c\u0435\u0433\u043e \u043e\u0433\u043d\u0435\u0441\u0442\u0440\u0435\u043b\u044c\u043d\u043e\u0433\u043e \u0433\u043b\u0430\u0434\u043a\u043e\u0441\u0442\u0432\u043e\u043b\u044c\u043d\u043e\u0433\u043e \u043e\u0440\u0443\u0436\u0438\u044f:", "action_flag": 2, "change_message": "[{\"changed\": {\"name\": \"\\u041e\\u0442\\u0432\\u0435\\u0442\", \"object\": \"\\u041d\\u0435 \\u043c\\u043e\\u0436\\u0435\\u0442 \\u0431\\u044b\\u0442\\u044c \\u0441\\u043d\\u0438\\u0436\\u0435\\u043d. - \\u0432\\u0435\\u0441: 3\", \"fields\": [\"Correct\"]}}]"}}, {"model": "admin.logentry", "pk": 17, "fields": {"action_time": "2020-08-10T06:45:34.912Z", "user": 1, "content_type": 3, "object_id": "6", "object_repr": "id=6 -  \u0412\u043e\u0437\u0440\u0430\u0441\u0442, \u043f\u043e \u0434\u043e\u0441\u0442\u0438\u0436\u0435\u043d\u0438\u0438 \u043a\u043e\u0442\u043e\u0440\u043e\u0433\u043e \u0433\u0440\u0430\u0436\u0434\u0430\u043d\u0435 \u0420\u043e\u0441\u0441\u0438\u0439\u0441\u043a\u043e\u0439 \u0424\u0435\u0434\u0435\u0440\u0430\u0446\u0438\u0438 \u043c\u043e\u0433\u0443\u0442 \u043f\u043e\u043b\u0443\u0447\u0438\u0442\u044c \u0440\u0430\u0437\u0440\u0435\u0448\u0435\u043d\u0438\u044f \u043d\u0430 \u0445\u0440\u0430\u043d\u0435\u043d\u0438\u0435 \u0438\u043b\u0438 \u0445\u0440\u0430\u043d\u0435\u043d\u0438\u0435 \u0438 \u043d\u043e\u0448\u0435\u043d\u0438\u0435 \u043e\u0445\u043e\u0442\u043d\u0438\u0447\u044c\u0435\u0433\u043e \u043e\u0433\u043d\u0435\u0441\u0442\u0440\u0435\u043b\u044c\u043d\u043e\u0433\u043e \u0433\u043b\u0430\u0434\u043a\u043e\u0441\u0442\u0432\u043e\u043b\u044c\u043d\u043e\u0433\u043e \u043e\u0440\u0443\u0436\u0438\u044f:", "action_flag": 2, "change_message": "[{\"added\": {\"name\": \"\\u041e\\u0442\\u0432\\u0435\\u0442\", \"object\": \"\\u041c\\u043e\\u0436\\u0435\\u0442 \\u0431\\u044b\\u0442\\u044c \\u0441\\u043d\\u0438\\u0436\\u0435\\u043d \\u043f\\u043e \\u0440\\u0435\\u0448\\u0435\\u043d\\u0438\\u044e \\u0437\\u0430\\u043a\\u043e\\u043d\\u043e\\u0434\\u0430\\u0442\\u0435\\u043b\\u044c\\u043d\\u043e\\u0433\\u043e (\\u043f\\u0440\\u0435\\u0434\\u0441\\u0442\\u0430\\u0432\\u0438\\u0442\\u0435\\u043b\\u044c\\u043d\\u043e\\u0433\\u043e) \\u043e\\u0440\\u0433\\u0430\\u043d\\u0430 \\u0433\\u043e\\u0441\\u0443\\u0434\\u0430\\u0440\\u0441\\u0442\\u0432\\u0435\\u043d\\u043d\\u043e\\u0439 \\u0432\\u043b\\u0430\\u0441\\u0442\\u0438 \\u0441\\u0443\\u0431\\u044a\\u0435\\u043a\\u0442\\u0430 \\u0420\\u043e\\u0441\\u0441\\u0438\\u0439\\u0441\\u043a\\u043e\\u0439 \\u0424\\u0435\\u0434\\u0435\\u0440\\u0430\\u0446\\u0438\\u0438, \\u043d - \\u0432\\u0435\\u0441: -1\"}}, {\"changed\": {\"name\": \"\\u041e\\u0442\\u0432\\u0435\\u0442\", \"object\": \"\\u041d\\u0435 \\u043c\\u043e\\u0436\\u0435\\u0442 \\u0431\\u044b\\u0442\\u044c \\u0441\\u043d\\u0438\\u0436\\u0435\\u043d. - \\u0432\\u0435\\u0441: -3\", \"fields\": [\"\\u0412\\u0435\\u0441 \\u043e\\u0442\\u0432\\u0435\\u0442\\u0430 \\u0432 \\u043e\\u043f\\u0440\\u043e\\u0441\\u043d\\u0438\\u043a\\u0435\"]}}]"}}, {"model": "admin.logentry", "pk": 18, "fields": {"action_time": "2020-08-10T06:45:53.103Z", "user": 1, "content_type": 3, "object_id": "7", "object_repr": "id=7 -  \u0418\u043c\u0435\u044e\u0442 \u043b\u0438 \u043f\u0440\u0430\u0432\u043e \u043d\u0430 \u043d\u0435\u043e\u0431\u0445\u043e\u0434\u0438\u043c\u0443\u044e \u043e\u0431\u043e\u0440\u043e\u043d\u0443 \u043b\u0438\u0446\u0430, \u0438\u043c\u0435\u044e\u0449\u0438\u0435 \u0432\u043e\u0437\u043c\u043e\u0436\u043d\u043e\u0441\u0442\u044c \u0438\u0437\u0431\u0435\u0436\u0430\u0442\u044c \u043e\u0431\u0449\u0435\u0441\u0442\u0432\u0435\u043d\u043d\u043e \u043e\u043f\u0430\u0441\u043d\u043e\u0433\u043e \u043f\u043e\u0441\u044f\u0433\u0430\u0442\u0435\u043b\u044c\u0441\u0442\u0432\u0430 \u0438\u043b\u0438 \u043e\u0431\u0440\u0430\u0442\u0438\u0442\u044c\u0441\u044f \u0437\u0430 \u043f\u043e\u043c\u043e\u0449\u044c\u044e \u043a \u0434\u0440\u0443\u0433\u0438\u043c \u043b\u0438\u0446\u0430\u043c \u0438\u043b\u0438 \u043e\u0440\u0433\u0430\u043d\u0430\u043c \u0432\u043b\u0430\u0441\u0442\u0438?", "action_flag": 1, "change_message": "[{\"added\": {}}]"}}, {"model": "admin.logentry", "pk": 19, "fields": {"action_time": "2020-08-10T06:46:26.395Z", "user": 1, "content_type": 3, "object_id": "7", "object_repr": "id=7 -  \u0418\u043c\u0435\u044e\u0442 \u043b\u0438 \u043f\u0440\u0430\u0432\u043e \u043d\u0430 \u043d\u0435\u043e\u0431\u0445\u043e\u0434\u0438\u043c\u0443\u044e \u043e\u0431\u043e\u0440\u043e\u043d\u0443 \u043b\u0438\u0446\u0430, \u0438\u043c\u0435\u044e\u0449\u0438\u0435 \u0432\u043e\u0437\u043c\u043e\u0436\u043d\u043e\u0441\u0442\u044c \u0438\u0437\u0431\u0435\u0436\u0430\u0442\u044c \u043e\u0431\u0449\u0435\u0441\u0442\u0432\u0435\u043d\u043d\u043e \u043e\u043f\u0430\u0441\u043d\u043e\u0433\u043e \u043f\u043e\u0441\u044f\u0433\u0430\u0442\u0435\u043b\u044c\u0441\u0442\u0432\u0430 \u0438\u043b\u0438 \u043e\u0431\u0440\u0430\u0442\u0438\u0442\u044c\u0441\u044f \u0437\u0430 \u043f\u043e\u043c\u043e\u0449\u044c\u044e \u043a \u0434\u0440\u0443\u0433\u0438\u043c \u043b\u0438\u0446\u0430\u043c \u0438\u043b\u0438 \u043e\u0440\u0433\u0430\u043d\u0430\u043c \u0432\u043b\u0430\u0441\u0442\u0438?", "action_flag": 2, "change_message": "[{\"added\": {\"name\": \"\\u041e\\u0442\\u0432\\u0435\\u0442\", \"object\": \"\\u0418\\u043c\\u0435\\u044e\\u0442, \\u0435\\u0441\\u043b\\u0438 \\u043f\\u043e\\u0441\\u044f\\u0433\\u0430\\u0442\\u0435\\u043b\\u044c\\u0441\\u0442\\u0432\\u043e \\u0441\\u043e\\u043f\\u0440\\u044f\\u0436\\u0435\\u043d\\u043e \\u0441 \\u043d\\u0430\\u0441\\u0438\\u043b\\u0438\\u0435\\u043c, \\u043e\\u043f\\u0430\\u0441\\u043d\\u044b\\u043c \\u0434\\u043b\\u044f \\u0436\\u0438\\u0437\\u043d\\u0438 \\u043e\\u0431\\u043e\\u0440\\u043e\\u043d\\u044f\\u044e\\u0449\\u0435\\u0433\\u043e\\u0441\\u044f. - \\u0432\\u0435\\u0441: 5\"}}]"}}, {"model": "admin.logentry", "pk": 20, "fields": {"action_time": "2020-08-10T06:47:05.381Z", "user": 1, "content_type": 3, "object_id": "7", "object_repr": "id=7 -  \u0418\u043c\u0435\u044e\u0442 \u043b\u0438 \u043f\u0440\u0430\u0432\u043e \u043d\u0430 \u043d\u0435\u043e\u0431\u0445\u043e\u0434\u0438\u043c\u0443\u044e \u043e\u0431\u043e\u0440\u043e\u043d\u0443 \u043b\u0438\u0446\u0430, \u0438\u043c\u0435\u044e\u0449\u0438\u0435 \u0432\u043e\u0437\u043c\u043e\u0436\u043d\u043e\u0441\u0442\u044c \u0438\u0437\u0431\u0435\u0436\u0430\u0442\u044c \u043e\u0431\u0449\u0435\u0441\u0442\u0432\u0435\u043d\u043d\u043e \u043e\u043f\u0430\u0441\u043d\u043e\u0433\u043e \u043f\u043e\u0441\u044f\u0433\u0430\u0442\u0435\u043b\u044c\u0441\u0442\u0432\u0430 \u0438\u043b\u0438 \u043e\u0431\u0440\u0430\u0442\u0438\u0442\u044c\u0441\u044f \u0437\u0430 \u043f\u043e\u043c\u043e\u0449\u044c\u044e \u043a \u0434\u0440\u0443\u0433\u0438\u043c \u043b\u0438\u0446\u0430\u043c \u0438\u043b\u0438 \u043e\u0440\u0433\u0430\u043d\u0430\u043c \u0432\u043b\u0430\u0441\u0442\u0438?", "action_flag": 2, "change_message": "[{\"added\": {\"name\": \"\\u041e\\u0442\\u0432\\u0435\\u0442\", \"object\": \"\\u0414\\u0430, \\u0438\\u043c\\u0435\\u044e\\u0442. - \\u0432\\u0435\\u0441: 1\"}}, {\"added\": {\"name\": \"\\u041e\\u0442\\u0432\\u0435\\u0442\", \"object\": \"\\u041d\\u0435\\u0442, \\u043d\\u0435 \\u0438\\u043c\\u0435\\u044e\\u0442. - \\u0432\\u0435\\u0441: -5\"}}]"}}, {"model": "admin.logentry", "pk": 21, "fields": {"action_time": "2020-08-10T06:47:40.758Z", "user": 1, "content_type": 3, "object_id": "8", "object_repr": "id=8 -  \u041f\u0440\u0430\u0432\u0438\u043b\u0430\u043c\u0438 \u043e\u0445\u043e\u0442\u044b \u0443\u0441\u0442\u0430\u043d\u043e\u0432\u043b\u0435\u043d\u043e, \u0447\u0442\u043e \u043f\u0440\u0438 \u043e\u0441\u0443\u0449\u0435\u0441\u0442\u0432\u043b\u0435\u043d\u0438\u0438 \u043e\u0445\u043e\u0442\u044b \u0437\u0430\u043f\u0440\u0435\u0449\u0430\u0435\u0442\u0441\u044f \u043f\u0440\u0438\u043c\u0435\u043d\u0435\u043d\u0438\u0435 \u043e\u0445\u043e\u0442\u043d\u0438\u0447\u044c\u0435\u0433\u043e \u043e\u0433\u043d\u0435\u0441\u0442\u0440\u0435\u043b\u044c\u043d\u043e\u0433\u043e \u0433\u043b\u0430\u0434\u043a\u043e\u0441\u0442\u0432\u043e\u043b\u044c\u043d\u043e\u0433\u043e \u043e\u0440\u0443\u0436\u0438\u044f \u0434\u043b\u044f \u043e\u0445\u043e\u0442\u044b \u043d\u0430 \u043f\u0435\u0440\u043d\u0430\u0442\u0443\u044e \u0434\u0438\u0447\u044c:", "action_flag": 1, "change_message": "[{\"added\": {}}, {\"added\": {\"name\": \"\\u041e\\u0442\\u0432\\u0435\\u0442\", \"object\": \"\\u0421\\u043d\\u0430\\u0440\\u044f\\u0436\\u0435\\u043d\\u043d\\u043e\\u0433\\u043e \\u0434\\u0440\\u043e\\u0431\\u044c\\u044e (\\u043a\\u0430\\u0440\\u0442\\u0435\\u0447\\u044c\\u044e) \\u043a\\u0440\\u0443\\u043f\\u043d\\u0435\\u0435 \\u0442\\u0440\\u0435\\u0445 \\u043c\\u0438\\u043b\\u043b\\u0438\\u043c\\u0435\\u0442\\u0440\\u043e\\u0432 \\u0438 \\u043f\\u0443\\u043b\\u044f\\u043c\\u0438 - \\u0432\\u0435\\u0441: 3\"}}]"}}, {"model": "admin.logentry", "pk": 22, "fields": {"action_time": "2020-08-10T06:47:56.108Z", "user": 1, "content_type": 3, "object_id": "8", "object_repr": "id=8 -  \u041f\u0440\u0430\u0432\u0438\u043b\u0430\u043c\u0438 \u043e\u0445\u043e\u0442\u044b \u0443\u0441\u0442\u0430\u043d\u043e\u0432\u043b\u0435\u043d\u043e, \u0447\u0442\u043e \u043f\u0440\u0438 \u043e\u0441\u0443\u0449\u0435\u0441\u0442\u0432\u043b\u0435\u043d\u0438\u0438 \u043e\u0445\u043e\u0442\u044b \u0437\u0430\u043f\u0440\u0435\u0449\u0430\u0435\u0442\u0441\u044f \u043f\u0440\u0438\u043c\u0435\u043d\u0435\u043d\u0438\u0435 \u043e\u0445\u043e\u0442\u043d\u0438\u0447\u044c\u0435\u0433\u043e \u043e\u0433\u043d\u0435\u0441\u0442\u0440\u0435\u043b\u044c\u043d\u043e\u0433\u043e \u0433\u043b\u0430\u0434\u043a\u043e\u0441\u0442\u0432\u043e\u043b\u044c\u043d\u043e\u0433\u043e \u043e\u0440\u0443\u0436\u0438\u044f \u0434\u043b\u044f \u043e\u0445\u043e\u0442\u044b \u043d\u0430 \u043f\u0435\u0440\u043d\u0430\u0442\u0443\u044e \u0434\u0438\u0447\u044c:", "action_flag": 2, "change_message": "[{\"added\": {\"name\": \"\\u041e\\u0442\\u0432\\u0435\\u0442\", \"object\": \"\\u0421\\u043d\\u0430\\u0440\\u044f\\u0436\\u0435\\u043d\\u043d\\u043e\\u0433\\u043e \\u0434\\u0440\\u043e\\u0431\\u044c\\u044e (\\u043a\\u0430\\u0440\\u0442\\u0435\\u0447\\u044c\\u044e) \\u043a\\u0440\\u0443\\u043f\\u043d\\u0435\\u0435 \\u0447\\u0435\\u0442\\u044b\\u0440\\u0435\\u0445 \\u043c\\u0438\\u043b\\u043b\\u0438\\u043c\\u0435\\u0442\\u0440\\u043e\\u0432 \\u0438 \\u043f\\u0443\\u043b\\u044f\\u043c\\u0438 - \\u0432\\u0435\\u0441: 1\"}}]"}}, {"model": "admin.logentry", "pk": 23, "fields": {"action_time": "2020-08-10T06:48:12.810Z", "user": 1, "content_type": 3, "object_id": "8", "object_repr": "id=8 -  \u041f\u0440\u0430\u0432\u0438\u043b\u0430\u043c\u0438 \u043e\u0445\u043e\u0442\u044b \u0443\u0441\u0442\u0430\u043d\u043e\u0432\u043b\u0435\u043d\u043e, \u0447\u0442\u043e \u043f\u0440\u0438 \u043e\u0441\u0443\u0449\u0435\u0441\u0442\u0432\u043b\u0435\u043d\u0438\u0438 \u043e\u0445\u043e\u0442\u044b \u0437\u0430\u043f\u0440\u0435\u0449\u0430\u0435\u0442\u0441\u044f \u043f\u0440\u0438\u043c\u0435\u043d\u0435\u043d\u0438\u0435 \u043e\u0445\u043e\u0442\u043d\u0438\u0447\u044c\u0435\u0433\u043e \u043e\u0433\u043d\u0435\u0441\u0442\u0440\u0435\u043b\u044c\u043d\u043e\u0433\u043e \u0433\u043b\u0430\u0434\u043a\u043e\u0441\u0442\u0432\u043e\u043b\u044c\u043d\u043e\u0433\u043e \u043e\u0440\u0443\u0436\u0438\u044f \u0434\u043b\u044f \u043e\u0445\u043e\u0442\u044b \u043d\u0430 \u043f\u0435\u0440\u043d\u0430\u0442\u0443\u044e \u0434\u0438\u0447\u044c:", "action_flag": 2, "change_message": "[{\"added\": {\"name\": \"\\u041e\\u0442\\u0432\\u0435\\u0442\", \"object\": \"\\u0421\\u043d\\u0430\\u0440\\u044f\\u0436\\u0435\\u043d\\u043d\\u043e\\u0433\\u043e \\u0434\\u0440\\u043e\\u0431\\u044c\\u044e (\\u043a\\u0430\\u0440\\u0442\\u0435\\u0447\\u044c\\u044e) \\u043a\\u0440\\u0443\\u043f\\u043d\\u0435\\u0435 \\u043f\\u044f\\u0442\\u0438 \\u043c\\u0438\\u043b\\u043b\\u0438\\u043c\\u0435\\u0442\\u0440\\u043e\\u0432 \\u0438 \\u043f\\u0443\\u043b\\u044f\\u043c\\u0438 - \\u0432\\u0435\\u0441: -1\"}}]"}}, {"model": "admin.logentry", "pk": 24, "fields": {"action_time": "2020-08-10T06:49:06.178Z", "user": 1, "content_type": 3, "object_id": "9", "object_repr": "id=9 -  \u041a\u0430\u043a\u043e\u0435 \u0441\u043b\u043e\u0432\u043e (\u0441\u043b\u043e\u0432\u0430/\u0441\u043b\u043e\u0432\u043e\u0441\u043e\u0447\u0435\u0442\u0430\u043d\u0438\u0435) \u043f\u0440\u0438\u0445\u043e\u0434\u0438\u0442 \u0432\u0430\u043c \u043d\u0430 \u0443\u043c \u043f\u0435\u0440\u0432\u044b\u043c, \u043a\u043e\u0433\u0434\u0430 \u0432\u044b \u0441\u043b\u044b\u0448\u0438\u0442\u0435 \u0441\u043b\u043e\u0432\u043e \u041f\u0420\u041e\u041f\u0410\u0413\u0410\u041d\u0414\u0410?", "action_flag": 1, "change_message": "[{\"added\": {}}, {\"added\": {\"name\": \"\\u041e\\u0442\\u0432\\u0435\\u0442\", \"object\": \"\\u043f\\u043e\\u0433\\u0430\\u043d\\u043a\\u0430 - \\u0432\\u0435\\u0441: 3\"}}]"}}, {"model": "admin.logentry", "pk": 25, "fields": {"action_time": "2020-08-10T06:49:27.059Z", "user": 1, "content_type": 3, "object_id": "9", "object_repr": "id=9 -  \u041a\u0430\u043a\u043e\u0435 \u0441\u043b\u043e\u0432\u043e (\u0441\u043b\u043e\u0432\u0430/\u0441\u043b\u043e\u0432\u043e\u0441\u043e\u0447\u0435\u0442\u0430\u043d\u0438\u0435) \u043f\u0440\u0438\u0445\u043e\u0434\u0438\u0442 \u0432\u0430\u043c \u043d\u0430 \u0443\u043c \u043f\u0435\u0440\u0432\u044b\u043c, \u043a\u043e\u0433\u0434\u0430 \u0432\u044b \u0441\u043b\u044b\u0448\u0438\u0442\u0435 \u0441\u043b\u043e\u0432\u043e \u041f\u0420\u041e\u041f\u0410\u0413\u0410\u041d\u0414\u0410?", "action_flag": 2, "change_message": "[{\"added\": {\"name\": \"\\u041e\\u0442\\u0432\\u0435\\u0442\", \"object\": \"\\u041d\\u0430\\u0432\\u0430\\u043b\\u044c\\u043d\\u044b\\u0439 - \\u0432\\u0435\\u0441: 2\"}}]"}}, {"model": "admin.logentry", "pk": 26, "fields": {"action_time": "2020-08-10T06:49:37.403Z", "user": 1, "content_type": 3, "object_id": "9", "object_repr": "id=9 -  \u041a\u0430\u043a\u043e\u0435 \u0441\u043b\u043e\u0432\u043e (\u0441\u043b\u043e\u0432\u0430/\u0441\u043b\u043e\u0432\u043e\u0441\u043e\u0447\u0435\u0442\u0430\u043d\u0438\u0435) \u043f\u0440\u0438\u0445\u043e\u0434\u0438\u0442 \u0432\u0430\u043c \u043d\u0430 \u0443\u043c \u043f\u0435\u0440\u0432\u044b\u043c, \u043a\u043e\u0433\u0434\u0430 \u0432\u044b \u0441\u043b\u044b\u0448\u0438\u0442\u0435 \u0441\u043b\u043e\u0432\u043e \u041f\u0420\u041e\u041f\u0410\u0413\u0410\u041d\u0414\u0410?", "action_flag": 2, "change_message": "[{\"added\": {\"name\": \"\\u041e\\u0442\\u0432\\u0435\\u0442\", \"object\": \"\\u041f\\u0441\\u0430\\u043a\\u0438 - \\u0432\\u0435\\u0441: 3\"}}]"}}, {"model": "admin.logentry", "pk": 27, "fields": {"action_time": "2020-08-10T06:50:09.913Z", "user": 1, "content_type": 3, "object_id": "9", "object_repr": "id=9 -  \u041a\u0430\u043a\u043e\u0435 \u0441\u043b\u043e\u0432\u043e (\u0441\u043b\u043e\u0432\u0430/\u0441\u043b\u043e\u0432\u043e\u0441\u043e\u0447\u0435\u0442\u0430\u043d\u0438\u0435) \u043f\u0440\u0438\u0445\u043e\u0434\u0438\u0442 \u0432\u0430\u043c \u043d\u0430 \u0443\u043c \u043f\u0435\u0440\u0432\u044b\u043c, \u043a\u043e\u0433\u0434\u0430 \u0432\u044b \u0441\u043b\u044b\u0448\u0438\u0442\u0435 \u0441\u043b\u043e\u0432\u043e \u041f\u0420\u041e\u041f\u0410\u0413\u0410\u041d\u0414\u0410?", "action_flag": 2, "change_message": "[{\"added\": {\"name\": \"\\u041e\\u0442\\u0432\\u0435\\u0442\", \"object\": \"\\u0413\\u043e\\u043d\\u0434\\u043e\\u043b\\u0438\\u0437\\u0430 \\u0420\\u0430\\u0439\\u0441 - \\u0432\\u0435\\u0441: -3\"}}]"}}, {"model": "admin.logentry", "pk": 28, "fields": {"action_time": "2020-08-10T06:50:56.210Z", "user": 1, "content_type": 3, "object_id": "10", "object_repr": "id=10 -  \u0421\u043a\u043e\u043b\u044c\u043a\u043e \u0432\u0430\u043c \u043b\u0435\u0442?", "action_flag": 1, "change_message": "[{\"added\": {}}, {\"added\": {\"name\": \"\\u041e\\u0442\\u0432\\u0435\\u0442\", \"object\": \"18-30 - \\u0432\\u0435\\u0441: 0\"}}, {\"added\": {\"name\": \"\\u041e\\u0442\\u0432\\u0435\\u0442\", \"object\": \"30-60 - \\u0432\\u0435\\u0441: 0\"}}, {\"added\": {\"name\": \"\\u041e\\u0442\\u0432\\u0435\\u0442\", \"object\": \"60+ - \\u0432\\u0435\\u0441: 0\"}}]"}}, {"model": "admin.logentry", "pk": 29, "fields": {"action_time": "2020-08-10T06:51:10.666Z", "user": 1, "content_type": 3, "object_id": "11", "object_repr": "id=11 -  \u2022\t\u0412 \u043a\u0430\u043a\u043e\u0435 \u0432\u0440\u0435\u043c\u044f \u043b\u0435\u0442\u043e\u043c \u043e\u043f\u0430\u0441\u043d\u043e \u043d\u0430\u0445\u043e\u0434\u0438\u0442\u044c\u0441\u044f \u043d\u0430 \u0441\u043e\u043b\u043d\u0446\u0435?", "action_flag": 1, "change_message": "[{\"added\": {}}]"}}, {"model": "admin.logentry", "pk": 30, "fields": {"action_time": "2020-08-10T06:52:07.394Z", "user": 1, "content_type": 3, "object_id": "11", "object_repr": "id=11 -  \u0412 \u043a\u0430\u043a\u043e\u0435 \u0432\u0440\u0435\u043c\u044f \u043b\u0435\u0442\u043e\u043c \u043e\u043f\u0430\u0441\u043d\u043e \u043d\u0430\u0445\u043e\u0434\u0438\u0442\u044c\u0441\u044f \u043d\u0430 \u0441\u043e\u043b\u043d\u0446\u0435?", "action_flag": 2, "change_message": "[{\"changed\": {\"fields\": [\"\\u0412\\u043e\\u043f\\u0440\\u043e\\u0441\"]}}, {\"added\": {\"name\": \"\\u041e\\u0442\\u0432\\u0435\\u0442\", \"object\": \"\\u0441 12.00 \\u0434\\u043e 18.00 - \\u0432\\u0435\\u0441: 0\"}}, {\"added\": {\"name\": \"\\u041e\\u0442\\u0432\\u0435\\u0442\", \"object\": \"\\u0441 11.00 \\u0434\\u043e 15.00 - \\u0432\\u0435\\u0441: 3\"}}, {\"added\": {\"name\": \"\\u041e\\u0442\\u0432\\u0435\\u0442\", \"object\": \"\\u0441 11.00 \\u0434\\u043e 13.00 - \\u0432\\u0435\\u0441: 0\"}}]"}}, {"model": "admin.logentry", "pk": 31, "fields": {"action_time": "2020-08-10T06:53:09.727Z", "user": 1, "content_type": 3, "object_id": "12", "object_repr": "id=12 -  \u041c\u043e\u0436\u043d\u043e \u043b\u0438 \u043a\u0443\u043f\u0430\u0442\u044c\u0441\u044f \u0432\u043e \u0432\u0440\u0435\u043c\u044f \u0433\u0440\u043e\u0437\u044b?", "action_flag": 1, "change_message": "[{\"added\": {}}, {\"added\": {\"name\": \"\\u041e\\u0442\\u0432\\u0435\\u0442\", \"object\": \"\\u0422\\u043e\\u043b\\u044c\\u043a\\u043e \\u0441\\u043e \\u0432\\u0437\\u0440\\u043e\\u0441\\u043b\\u044b\\u043c\\u0438. - \\u0432\\u0435\\u0441: -5\"}}, {\"added\": {\"name\": \"\\u041e\\u0442\\u0432\\u0435\\u0442\", \"object\": \"\\u041c\\u043e\\u0436\\u043d\\u043e, \\u0432 \\u0432\\u043e\\u0434\\u0435 \\u0433\\u0440\\u043e\\u0437\\u0430 \\u043d\\u0435 \\u0441\\u0442\\u0440\\u0430\\u0448\\u043d\\u0430. - \\u0432\\u0435\\u0441: -2\"}}, {\"added\": {\"name\": \"\\u041e\\u0442\\u0432\\u0435\\u0442\", \"object\": \"\\u041d\\u0435\\u043b\\u044c\\u0437\\u044f \\u043d\\u0438\\u043a\\u043e\\u0433\\u0434\\u0430. - \\u0432\\u0435\\u0441: 4\"}}]"}}, {"model": "admin.logentry", "pk": 32, "fields": {"action_time": "2020-08-10T06:53:57.922Z", "user": 1, "content_type": 3, "object_id": "13", "object_repr": "id=13 -  \u041a\u0430\u043a\u0438\u0445 \u044f\u0433\u043e\u0434 \u043d\u0435\u043b\u044c\u0437\u044f \u0441\u043e\u0431\u0438\u0440\u0430\u0442\u044c \u0432 \u043b\u0435\u0441\u0443?", "action_flag": 1, "change_message": "[{\"added\": {}}, {\"added\": {\"name\": \"\\u041e\\u0442\\u0432\\u0435\\u0442\", \"object\": \"\\u0437\\u0435\\u043b\\u0435\\u043d\\u044b\\u0445 - \\u0432\\u0435\\u0441: 3\"}}, {\"added\": {\"name\": \"\\u041e\\u0442\\u0432\\u0435\\u0442\", \"object\": \"\\u0447\\u0435\\u0440\\u043d\\u044b\\u0445 - \\u0432\\u0435\\u0441: -1\"}}, {\"added\": {\"name\": \"\\u041e\\u0442\\u0432\\u0435\\u0442\", \"object\": \"\\u043a\\u0440\\u0430\\u0441\\u043d\\u044b\\u0445 - \\u0432\\u0435\\u0441: -1\"}}]"}}, {"model": "admin.logentry", "pk": 33, "fields": {"action_time": "2020-08-10T06:54:00.162Z", "user": 1, "content_type": 3, "object_id": "14", "object_repr": "id=14 -  None", "action_flag": 1, "change_message": "[{\"added\": {}}]"}}, {"model": "admin.logentry", "pk": 34, "fields": {"action_time": "2020-08-10T06:54:08.624Z", "user": 1, "content_type": 3, "object_id": "14", "object_repr": "id=14 -  None", "action_flag": 3, "change_message": ""}}, {"model": "admin.logentry", "pk": 35, "fields": {"action_time": "2020-08-10T06:54:47.527Z", "user": 1, "content_type": 3, "object_id": "15", "object_repr": "id=15 -  \u041d\u0430 \u043e\u0441\u043d\u043e\u0432\u0430\u043d\u0438\u0438 \u041f\u0440\u0430\u0432\u0438\u043b \u043e\u0431\u043e\u0440\u043e\u0442\u0430 \u0433\u0440\u0430\u0436\u0434\u0430\u043d\u0441\u043a\u043e\u0433\u043e \u0438 \u0441\u043b\u0443\u0436\u0435\u0431\u043d\u043e\u0433\u043e \u043e\u0440\u0443\u0436\u0438\u044f \u043d\u0430 \u0442\u0435\u0440\u0440\u0438\u0442\u043e\u0440\u0438\u0438 \u0420\u043e\u0441\u0441\u0438\u0439\u0441\u043a\u043e\u0439 \u0424\u0435\u0434\u0435\u0440\u0430\u0446\u0438\u0438 \u0433\u0440\u0430\u0436\u0434\u0430\u043d\u0435, \u043e\u0441\u0443\u0449\u0435\u0441\u0442\u0432\u043b\u044f\u044e\u0449\u0438\u0435 \u043d\u043e\u0448\u0435\u043d\u0438\u0435 \u043e\u0440\u0443\u0436\u0438\u044f, \u0434\u043e\u043b\u0436\u043d\u044b \u0438\u043c\u0435\u0442\u044c \u043f\u0440\u0438 \u0441\u0435\u0431\u0435:", "action_flag": 1, "change_message": "[{\"added\": {}}, {\"added\": {\"name\": \"\\u041e\\u0442\\u0432\\u0435\\u0442\", \"object\": \"\\u0414\\u043e\\u043a\\u0443\\u043c\\u0435\\u043d\\u0442\\u044b, \\u0443\\u0434\\u043e\\u0441\\u0442\\u043e\\u0432\\u0435\\u0440\\u044f\\u044e\\u0449\\u0438\\u0435 \\u0438\\u0445 \\u043b\\u0438\\u0447\\u043d\\u043e\\u0441\\u0442\\u044c, \\u0430 \\u0442\\u0430\\u043a\\u0436\\u0435 \\u0432\\u044b\\u0434\\u0430\\u043d\\u043d\\u044b\\u0435 \\u043e\\u0440\\u0433\\u0430\\u043d\\u043e\\u043c \\u0432\\u043d\\u0443\\u0442\\u0440\\u0435\\u043d\\u043d\\u0438\\u0445 \\u0434\\u0435\\u043b \\u043b\\u0438\\u0446\\u0435\\u043d\\u0437\\u0438\\u044e \\u043b\\u0438\\u0431\\u043e \\u0440\\u0430\\u0437\\u0440\\u0435\\u0448\\u0435\\u043d\\u0438\\u0435 \\u043d\\u0430 \\u0445\\u0440\\u0430\\u043d\\u0435\\u043d\\u0438\\u0435 \\u0438 \\u043d\\u043e\\u0448\\u0435\\u043d\\u0438\\u0435 \\u0438\\u043c - \\u0432\\u0435\\u0441: 3\"}}]"}}, {"model": "admin.logentry", "pk": 36, "fields": {"action_time": "2020-08-10T06:55:27.388Z", "user": 1, "content_type": 3, "object_id": "15", "object_repr": "id=15 -  \u041d\u0430 \u043e\u0441\u043d\u043e\u0432\u0430\u043d\u0438\u0438 \u041f\u0440\u0430\u0432\u0438\u043b \u043e\u0431\u043e\u0440\u043e\u0442\u0430 \u0433\u0440\u0430\u0436\u0434\u0430\u043d\u0441\u043a\u043e\u0433\u043e \u0438 \u0441\u043b\u0443\u0436\u0435\u0431\u043d\u043e\u0433\u043e \u043e\u0440\u0443\u0436\u0438\u044f \u043d\u0430 \u0442\u0435\u0440\u0440\u0438\u0442\u043e\u0440\u0438\u0438 \u0420\u043e\u0441\u0441\u0438\u0439\u0441\u043a\u043e\u0439 \u0424\u0435\u0434\u0435\u0440\u0430\u0446\u0438\u0438 \u0433\u0440\u0430\u0436\u0434\u0430\u043d\u0435, \u043e\u0441\u0443\u0449\u0435\u0441\u0442\u0432\u043b\u044f\u044e\u0449\u0438\u0435 \u043d\u043e\u0448\u0435\u043d\u0438\u0435 \u043e\u0440\u0443\u0436\u0438\u044f, \u0434\u043e\u043b\u0436\u043d\u044b \u0438\u043c\u0435\u0442\u044c \u043f\u0440\u0438 \u0441\u0435\u0431\u0435:", "action_flag": 2, "change_message": "[{\"changed\": {\"fields\": [\"\\u0412\\u044b\\u0431\\u043e\\u0440 \\u0432\\u0430\\u0440\\u0438\\u0430\\u043d\\u0442\\u0430\"]}}, {\"added\": {\"name\": \"\\u041e\\u0442\\u0432\\u0435\\u0442\", \"object\": \"\\u0412\\u044b\\u0434\\u0430\\u043d\\u043d\\u043e\\u0435 \\u043e\\u0440\\u0433\\u0430\\u043d\\u043e\\u043c \\u0432\\u043d\\u0443\\u0442\\u0440\\u0435\\u043d\\u043d\\u0438\\u0445 \\u0434\\u0435\\u043b \\u0440\\u0430\\u0437\\u0440\\u0435\\u0448\\u0435\\u043d\\u0438\\u0435 \\u043d\\u0430 \\u0445\\u0440\\u0430\\u043d\\u0435\\u043d\\u0438\\u0435 \\u0438 \\u043d\\u043e\\u0448\\u0435\\u043d\\u0438\\u0435 \\u0438\\u043c\\u0435\\u044e\\u0449\\u0435\\u0433\\u043e\\u0441\\u044f \\u0443 \\u043d\\u0438\\u0445 \\u043e\\u0440\\u0443\\u0436\\u0438\\u044f, \\u043c\\u0435\\u0434\\u0438\\u0446\\u0438\\u043d\\u0441\\u043a\\u0443\\u044e \\u0441\\u043f\\u0440\\u0430\\u0432\\u043a\\u0443 \\u0444\\u043e\\u0440\\u043c\\u044b 046-1 - \\u0432\\u0435\\u0441: 4\"}}, {\"added\": {\"name\": \"\\u041e\\u0442\\u0432\\u0435\\u0442\", \"object\": \"\\u0414\\u043e\\u043a\\u0443\\u043c\\u0435\\u043d\\u0442\\u044b, \\u0443\\u0434\\u043e\\u0441\\u0442\\u043e\\u0432\\u0435\\u0440\\u044f\\u044e\\u0449\\u0438\\u0435 \\u0438\\u0445 \\u043b\\u0438\\u0447\\u043d\\u043e\\u0441\\u0442\\u044c, \\u043f\\u0430\\u0441\\u043f\\u043e\\u0440\\u0442 \\u043d\\u0430 \\u043e\\u0440\\u0443\\u0436\\u0438\\u0435 \\u043e\\u0442 \\u043f\\u0440\\u0435\\u0434\\u043f\\u0440\\u0438\\u044f\\u0442\\u0438\\u044f-\\u043f\\u0440\\u043e\\u0438\\u0437\\u0432\\u043e\\u0434\\u0438\\u0442\\u0435\\u043b\\u044f - \\u0432\\u0435\\u0441: 3\"}}]"}}, {"model": "admin.logentry", "pk": 37, "fields": {"action_time": "2020-08-10T06:56:54.270Z", "user": 1, "content_type": 2, "object_id": "3", "object_repr": "\u041f\u043e\u0445\u043e\u0434 \u0432 \u043b\u0435\u0441", "action_flag": 2, "change_message": "[{\"added\": {\"name\": \"\\u0412\\u043e\\u043f\\u0440\\u043e\\u0441 \\u0432 \\u0431\\u043b\\u043e\\u043a\\u0435\", \"object\": \"\\u041f\\u043e\\u0445\\u043e\\u0434 \\u0432 \\u043b\\u0435\\u0441 || id=12 -  \\u041c\\u043e\\u0436\\u043d\\u043e \\u043b\\u0438 \\u043a\\u0443\\u043f\\u0430\\u0442\\u044c\\u0441\\u044f \\u0432\\u043e \\u0432\\u0440\\u0435\\u043c\\u044f \\u0433\\u0440\\u043e\\u0437\\u044b?\"}}, {\"added\": {\"name\": \"\\u0412\\u043e\\u043f\\u0440\\u043e\\u0441 \\u0432 \\u0431\\u043b\\u043e\\u043a\\u0435\", \"object\": \"\\u041f\\u043e\\u0445\\u043e\\u0434 \\u0432 \\u043b\\u0435\\u0441 || id=13 -  \\u041a\\u0430\\u043a\\u0438\\u0445 \\u044f\\u0433\\u043e\\u0434 \\u043d\\u0435\\u043b\\u044c\\u0437\\u044f \\u0441\\u043e\\u0431\\u0438\\u0440\\u0430\\u0442\\u044c \\u0432 \\u043b\\u0435\\u0441\\u0443?\"}}, {\"added\": {\"name\": \"\\u0412\\u043e\\u043f\\u0440\\u043e\\u0441 \\u0432 \\u0431\\u043b\\u043e\\u043a\\u0435\", \"object\": \"\\u041f\\u043e\\u0445\\u043e\\u0434 \\u0432 \\u043b\\u0435\\u0441 || id=11 -  \\u0412 \\u043a\\u0430\\u043a\\u043e\\u0435 \\u0432\\u0440\\u0435\\u043c\\u044f \\u043b\\u0435\\u0442\\u043e\\u043c \\u043e\\u043f\\u0430\\u0441\\u043d\\u043e \\u043d\\u0430\\u0445\\u043e\\u0434\\u0438\\u0442\\u044c\\u0441\\u044f \\u043d\\u0430 \\u0441\\u043e\\u043b\\u043d\\u0446\\u0435?\"}}, {\"added\": {\"name\": \"\\u0412\\u043e\\u043f\\u0440\\u043e\\u0441 \\u0432 \\u0431\\u043b\\u043e\\u043a\\u0435\", \"object\": \"\\u041f\\u043e\\u0445\\u043e\\u0434 \\u0432 \\u043b\\u0435\\u0441 || id=10 -  \\u0421\\u043a\\u043e\\u043b\\u044c\\u043a\\u043e \\u0432\\u0430\\u043c \\u043b\\u0435\\u0442?\"}}]"}}, {"model": "admin.logentry", "pk": 38, "fields": {"action_time": "2020-08-10T06:57:02.211Z", "user": 1, "content_type": 2, "object_id": "3", "object_repr": "\u041f\u043e\u0445\u043e\u0434 \u0432 \u043b\u0435\u0441", "action_flag": 2, "change_message": "[]"}}, {"model": "admin.logentry", "pk": 39, "fields": {"action_time": "2020-08-10T06:57:59.147Z", "user": 1, "content_type": 2, "object_id": "2", "object_repr": "\u041e\u0440\u0443\u0436\u0438\u0435", "action_flag": 2, "change_message": "[{\"added\": {\"name\": \"\\u0412\\u043e\\u043f\\u0440\\u043e\\u0441 \\u0432 \\u0431\\u043b\\u043e\\u043a\\u0435\", \"object\": \"\\u041e\\u0440\\u0443\\u0436\\u0438\\u0435 || id=10 -  \\u0421\\u043a\\u043e\\u043b\\u044c\\u043a\\u043e \\u0432\\u0430\\u043c \\u043b\\u0435\\u0442?\"}}, {\"added\": {\"name\": \"\\u0412\\u043e\\u043f\\u0440\\u043e\\u0441 \\u0432 \\u0431\\u043b\\u043e\\u043a\\u0435\", \"object\": \"\\u041e\\u0440\\u0443\\u0436\\u0438\\u0435 || id=6 -  \\u0412\\u043e\\u0437\\u0440\\u0430\\u0441\\u0442, \\u043f\\u043e \\u0434\\u043e\\u0441\\u0442\\u0438\\u0436\\u0435\\u043d\\u0438\\u0438 \\u043a\\u043e\\u0442\\u043e\\u0440\\u043e\\u0433\\u043e \\u0433\\u0440\\u0430\\u0436\\u0434\\u0430\\u043d\\u0435 \\u0420\\u043e\\u0441\\u0441\\u0438\\u0439\\u0441\\u043a\\u043e\\u0439 \\u0424\\u0435\\u0434\\u0435\\u0440\\u0430\\u0446\\u0438\\u0438 \\u043c\\u043e\\u0433\\u0443\\u0442 \\u043f\\u043e\\u043b\\u0443\\u0447\\u0438\\u0442\\u044c \\u0440\\u0430\\u0437\\u0440\\u0435\\u0448\\u0435\\u043d\\u0438\\u044f \\u043d\\u0430 \\u0445\\u0440\\u0430\\u043d\\u0435\\u043d\\u0438\\u0435 \\u0438\\u043b\\u0438 \\u0445\\u0440\\u0430\\u043d\\u0435\\u043d\\u0438\\u0435 \\u0438 \\u043d\\u043e\\u0448\\u0435\\u043d\\u0438\\u0435 \\u043e\\u0445\\u043e\\u0442\\u043d\\u0438\\u0447\\u044c\\u0435\\u0433\\u043e \\u043e\\u0433\\u043d\\u0435\\u0441\\u0442\\u0440\\u0435\\u043b\\u044c\\u043d\\u043e\\u0433\\u043e \\u0433\\u043b\\u0430\\u0434\\u043a\\u043e\\u0441\\u0442\\u0432\\u043e\\u043b\\u044c\\u043d\\u043e\\u0433\\u043e \\u043e\\u0440\\u0443\\u0436\\u0438\\u044f:\"}}, {\"added\": {\"name\": \"\\u0412\\u043e\\u043f\\u0440\\u043e\\u0441 \\u0432 \\u0431\\u043b\\u043e\\u043a\\u0435\", \"object\": \"\\u041e\\u0440\\u0443\\u0436\\u0438\\u0435 || id=7 -  \\u0418\\u043c\\u0435\\u044e\\u0442 \\u043b\\u0438 \\u043f\\u0440\\u0430\\u0432\\u043e \\u043d\\u0430 \\u043d\\u0435\\u043e\\u0431\\u0445\\u043e\\u0434\\u0438\\u043c\\u0443\\u044e \\u043e\\u0431\\u043e\\u0440\\u043e\\u043d\\u0443 \\u043b\\u0438\\u0446\\u0430, \\u0438\\u043c\\u0435\\u044e\\u0449\\u0438\\u0435 \\u0432\\u043e\\u0437\\u043c\\u043e\\u0436\\u043d\\u043e\\u0441\\u0442\\u044c \\u0438\\u0437\\u0431\\u0435\\u0436\\u0430\\u0442\\u044c \\u043e\\u0431\\u0449\\u0435\\u0441\\u0442\\u0432\\u0435\\u043d\\u043d\\u043e \\u043e\\u043f\\u0430\\u0441\\u043d\\u043e\\u0433\\u043e \\u043f\\u043e\\u0441\\u044f\\u0433\\u0430\\u0442\\u0435\\u043b\\u044c\\u0441\\u0442\\u0432\\u0430 \\u0438\\u043b\\u0438 \\u043e\\u0431\\u0440\\u0430\\u0442\\u0438\\u0442\\u044c\\u0441\\u044f \\u0437\\u0430 \\u043f\\u043e\\u043c\\u043e\\u0449\\u044c\\u044e \\u043a \\u0434\\u0440\\u0443\\u0433\\u0438\\u043c \\u043b\\u0438\\u0446\\u0430\\u043c \\u0438\\u043b\\u0438 \\u043e\\u0440\\u0433\\u0430\\u043d\\u0430\\u043c \\u0432\\u043b\\u0430\\u0441\\u0442\\u0438?\"}}, {\"added\": {\"name\": \"\\u0412\\u043e\\u043f\\u0440\\u043e\\u0441 \\u0432 \\u0431\\u043b\\u043e\\u043a\\u0435\", \"object\": \"\\u041e\\u0440\\u0443\\u0436\\u0438\\u0435 || id=8 -  \\u041f\\u0440\\u0430\\u0432\\u0438\\u043b\\u0430\\u043c\\u0438 \\u043e\\u0445\\u043e\\u0442\\u044b \\u0443\\u0441\\u0442\\u0430\\u043d\\u043e\\u0432\\u043b\\u0435\\u043d\\u043e, \\u0447\\u0442\\u043e \\u043f\\u0440\\u0438 \\u043e\\u0441\\u0443\\u0449\\u0435\\u0441\\u0442\\u0432\\u043b\\u0435\\u043d\\u0438\\u0438 \\u043e\\u0445\\u043e\\u0442\\u044b \\u0437\\u0430\\u043f\\u0440\\u0435\\u0449\\u0430\\u0435\\u0442\\u0441\\u044f \\u043f\\u0440\\u0438\\u043c\\u0435\\u043d\\u0435\\u043d\\u0438\\u0435 \\u043e\\u0445\\u043e\\u0442\\u043d\\u0438\\u0447\\u044c\\u0435\\u0433\\u043e \\u043e\\u0433\\u043d\\u0435\\u0441\\u0442\\u0440\\u0435\\u043b\\u044c\\u043d\\u043e\\u0433\\u043e \\u0433\\u043b\\u0430\\u0434\\u043a\\u043e\\u0441\\u0442\\u0432\\u043e\\u043b\\u044c\\u043d\\u043e\\u0433\\u043e \\u043e\\u0440\\u0443\\u0436\\u0438\\u044f \\u0434\\u043b\\u044f \\u043e\\u0445\\u043e\\u0442\\u044b \\u043d\\u0430 \\u043f\\u0435\\u0440\\u043d\\u0430\\u0442\\u0443\\u044e \\u0434\\u0438\\u0447\\u044c:\"}}]"}}, {"model": "admin.logentry", "pk": 40, "fields": {"action_time": "2020-08-10T06:58:39.077Z", "user": 1, "content_type": 2, "object_id": "1", "object_repr": "\u041f\u0441\u0438\u0445\u043e\u043b\u043e\u0433\u0438\u044f", "action_flag": 2, "change_message": "[{\"added\": {\"name\": \"\\u0412\\u043e\\u043f\\u0440\\u043e\\u0441 \\u0432 \\u0431\\u043b\\u043e\\u043a\\u0435\", \"object\": \"\\u041f\\u0441\\u0438\\u0445\\u043e\\u043b\\u043e\\u0433\\u0438\\u044f || id=10 -  \\u0421\\u043a\\u043e\\u043b\\u044c\\u043a\\u043e \\u0432\\u0430\\u043c \\u043b\\u0435\\u0442?\"}}, {\"added\": {\"name\": \"\\u0412\\u043e\\u043f\\u0440\\u043e\\u0441 \\u0432 \\u0431\\u043b\\u043e\\u043a\\u0435\", \"object\": \"\\u041f\\u0441\\u0438\\u0445\\u043e\\u043b\\u043e\\u0433\\u0438\\u044f || id=1 -  \\u0415\\u0441\\u043b\\u0438 \\u043a\\u0442\\u043e-\\u0442\\u043e \\u0438\\u0434\\u0451\\u0442 \\u0432 \\u043b\\u0435\\u0441 \\u0437\\u0430 \\u0433\\u0440\\u0438\\u0431\\u0430\\u043c\\u0438 \\u043d\\u0430 \\u0445\\u043e\\u0434\\u0443\\u043b\\u044f\\u0445, \\u043e\\u043d \\u043f\\u043e\\u0441\\u0442\\u0443\\u043f\\u0430\\u0435\\u0442 \\u0442\\u0430\\u043a:\"}}, {\"added\": {\"name\": \"\\u0412\\u043e\\u043f\\u0440\\u043e\\u0441 \\u0432 \\u0431\\u043b\\u043e\\u043a\\u0435\", \"object\": \"\\u041f\\u0441\\u0438\\u0445\\u043e\\u043b\\u043e\\u0433\\u0438\\u044f || id=2 -  \\u0415\\u0441\\u043b\\u0438 \\u0447\\u0435\\u043b\\u043e\\u0432\\u0435\\u043a, \\u0442\\u043e\\u0440\\u0433\\u0443\\u044e\\u0449\\u0438\\u0439 \\u043f\\u0438\\u0432\\u043e\\u043c \\u0438\\u0437 \\u0431\\u043e\\u0447\\u043a\\u0438, \\u0432\\u0434\\u0440\\u0443\\u0433 \\u043f\\u0440\\u043e\\u0441\\u0438\\u0442 \\u043a\\u043e\\u0433\\u043e-\\u0442\\u043e \\u0438\\u0437 \\u043e\\u0447\\u0435\\u0440\\u0435\\u0434\\u0438 \\u043f\\u0440\\u0438\\u043d\\u0435\\u0441\\u0442\\u0438 \\u0435\\u043c\\u0443 \\u043b\\u0438\\u043c\\u043e\\u043d\\u0430\\u0434\\u0430, \\u043e\\u043d \\u043f\\u043e\\u0441\\u0442\\u0443\\u043f\\u0430\\u0435\\u0442 \\u0442\\u0430\\u043a:\"}}, {\"added\": {\"name\": \"\\u0412\\u043e\\u043f\\u0440\\u043e\\u0441 \\u0432 \\u0431\\u043b\\u043e\\u043a\\u0435\", \"object\": \"\\u041f\\u0441\\u0438\\u0445\\u043e\\u043b\\u043e\\u0433\\u0438\\u044f || id=4 -  \\u0421\\u043b\\u0443\\u0447\\u0430\\u0439\\u043d\\u044b\\u0439 \\u043f\\u0440\\u043e\\u0445\\u043e\\u0436\\u0438\\u0439 \\u043f\\u0440\\u043e\\u0441\\u0438\\u0442 \\u0432\\u0430\\u0441 \\u0434\\u0430\\u0442\\u044c \\u0435\\u043c\\u0443 100 \\u0440\\u0443\\u0431\\u043b\\u0435\\u0439. \\u0412\\u044b \\u043e\\u0442\\u0432\\u0435\\u0447\\u0430\\u0435\\u0442\\u0435:\"}}]"}}, {"model": "admin.logentry", "pk": 41, "fields": {"action_time": "2020-08-10T06:59:11.738Z", "user": 1, "content_type": 2, "object_id": "1", "object_repr": "\u041f\u0441\u0438\u0445\u043e\u043b\u043e\u0433\u0438\u044f", "action_flag": 2, "change_message": "[{\"added\": {\"name\": \"\\u0412\\u043e\\u043f\\u0440\\u043e\\u0441 \\u0432 \\u0431\\u043b\\u043e\\u043a\\u0435\", \"object\": \"\\u041f\\u0441\\u0438\\u0445\\u043e\\u043b\\u043e\\u0433\\u0438\\u044f || id=5 -  \\u0412 \\u043a\\u0443\\u043b\\u044c\\u043c\\u0438\\u043d\\u0430\\u0446\\u0438\\u043e\\u043d\\u043d\\u044b\\u0439 \\u043c\\u043e\\u043c\\u0435\\u043d\\u0442 \\u0442\\u0435\\u043b\\u0435\\u0432\\u0438\\u0437\\u0438\\u043e\\u043d\\u043d\\u043e\\u0433\\u043e \\u0434\\u0435\\u0442\\u0435\\u043a\\u0442\\u0438\\u0432\\u043d\\u043e\\u0433\\u043e \\u0444\\u0438\\u043b\\u044c\\u043c\\u0430 \\u0432\\u0434\\u0440\\u0443\\u0433 \\u0433\\u0430\\u0441\\u043d\\u0435\\u0442 \\u044d\\u043a\\u0440\\u0430\\u043d. \\u0412\\u044b \\u0441\\u0447\\u0438\\u0442\\u0430\\u0435\\u0442\\u0435 \\u044d\\u0442\\u043e:\"}}, {\"added\": {\"name\": \"\\u0412\\u043e\\u043f\\u0440\\u043e\\u0441 \\u0432 \\u0431\\u043b\\u043e\\u043a\\u0435\", \"object\": \"\\u041f\\u0441\\u0438\\u0445\\u043e\\u043b\\u043e\\u0433\\u0438\\u044f || id=9 -  \\u041a\\u0430\\u043a\\u043e\\u0435 \\u0441\\u043b\\u043e\\u0432\\u043e (\\u0441\\u043b\\u043e\\u0432\\u0430/\\u0441\\u043b\\u043e\\u0432\\u043e\\u0441\\u043e\\u0447\\u0435\\u0442\\u0430\\u043d\\u0438\\u0435) \\u043f\\u0440\\u0438\\u0445\\u043e\\u0434\\u0438\\u0442 \\u0432\\u0430\\u043c \\u043d\\u0430 \\u0443\\u043c \\u043f\\u0435\\u0440\\u0432\\u044b\\u043c, \\u043a\\u043e\\u0433\\u0434\\u0430 \\u0432\\u044b \\u0441\\u043b\\u044b\\u0448\\u0438\\u0442\\u0435 \\u0441\\u043b\\u043e\\u0432\\u043e \\u041f\\u0420\\u041e\\u041f\\u0410\\u0413\\u0410\\u041d\\u0414\\u0410?\"}}]"}}, {"model": "admin.logentry", "pk": 42, "fields": {"action_time": "2020-08-10T07:01:07.727Z", "user": 1, "content_type": 2, "object_id": "3", "object_repr": "\u041f\u043e\u0445\u043e\u0434 \u0432 \u043b\u0435\u0441", "action_flag": 2, "change_message": "[{\"changed\": {\"fields\": [\"\\u0414\\u0430\\u0442\\u0430 \\u043d\\u0430\\u0447\\u0430\\u043b\\u0430 \\u0442\\u0435\\u0441\\u0442\\u0430\"]}}]"}}, {"model": "admin.logentry", "pk": 43, "fields": {"action_time": "2020-08-10T07:03:38.385Z", "user": 1, "content_type": 5, "object_id": "3", "object_repr": "admin", "action_flag": 2, "change_message": "[{\"changed\": {\"fields\": [\"\\u0421\\u0443\\u043c\\u043c\\u0430 \\u043e\\u0442\\u0432\\u0435\\u0442\\u043e\\u0432 \\u043e\\u043f\\u0440\\u043e\\u0441\\u043d\\u0438\\u043a\\u0430\", \"\\u0421\\u0443\\u043c\\u043c\\u0430 \\u043e\\u0442\\u0432\\u0435\\u0442\\u043e\\u0432 \\u0432 \\u0442\\u0435\\u0441\\u0442\\u0435\"]}}]"}}, {"model": "admin.logentry", "pk": 44, "fields": {"action_time": "2020-08-10T07:04:31.275Z", "user": 1, "content_type": 5, "object_id": "2", "object_repr": "admin", "action_flag": 3, "change_message": ""}}, {"model": "admin.logentry", "pk": 45, "fields": {"action_time": "2020-08-10T07:04:31.280Z", "user": 1, "content_type": 5, "object_id": "1", "object_repr": "admin", "action_flag": 3, "change_message": ""}}, {"model": "admin.logentry", "pk": 46, "fields": {"action_time": "2020-08-10T07:05:11.282Z", "user": 1, "content_type": 5, "object_id": "3", "object_repr": "admin", "action_flag": 2, "change_message": "[{\"changed\": {\"fields\": [\"\\u0412\\u043e\\u043f\\u0440\\u043e\\u0441\\u044b \\u0432 \\u0431\\u043b\\u043e\\u043a\\u0435\", \"\\u041e\\u0442\\u0432\\u0435\\u0442\\u044b\"]}}]"}}, {"model": "admin.logentry", "pk": 47, "fields": {"action_time": "2020-08-10T07:05:15.420Z", "user": 1, "content_type": 5, "object_id": "3", "object_repr": "admin", "action_flag": 2, "change_message": "[]"}}, {"model": "admin.logentry", "pk": 48, "fields": {"action_time": "2020-08-11T05:53:34.257Z", "user": 1, "content_type": 5, "object_id": "6", "object_repr": "user1", "action_flag": 2, "change_message": "[{\"changed\": {\"fields\": [\"\\u0421\\u0443\\u043c\\u043c\\u0430 \\u043e\\u0442\\u0432\\u0435\\u0442\\u043e\\u0432 \\u043e\\u043f\\u0440\\u043e\\u0441\\u043d\\u0438\\u043a\\u0430\", \"\\u0421\\u0443\\u043c\\u043c\\u0430 \\u043e\\u0442\\u0432\\u0435\\u0442\\u043e\\u0432 \\u0432 \\u0442\\u0435\\u0441\\u0442\\u0435\"]}}]"}}, {"model": "admin.logentry", "pk": 49, "fields": {"action_time": "2020-08-11T05:54:59.734Z", "user": 1, "content_type": 5, "object_id": "6", "object_repr": "user1", "action_flag": 2, "change_message": "[]"}}, {"model": "admin.logentry", "pk": 50, "fields": {"action_time": "2020-08-11T05:56:05.983Z", "user": 1, "content_type": 5, "object_id": "8", "object_repr": "user1", "action_flag": 2, "change_message": "[{\"changed\": {\"fields\": [\"\\u0421\\u0443\\u043c\\u043c\\u0430 \\u043e\\u0442\\u0432\\u0435\\u0442\\u043e\\u0432 \\u043e\\u043f\\u0440\\u043e\\u0441\\u043d\\u0438\\u043a\\u0430\", \"\\u0421\\u0443\\u043c\\u043c\\u0430 \\u043e\\u0442\\u0432\\u0435\\u0442\\u043e\\u0432 \\u0432 \\u0442\\u0435\\u0441\\u0442\\u0435\"]}}]"}}, {"model": "admin.logentry", "pk": 51, "fields": {"action_time": "2020-08-11T06:04:17.449Z", "user": 1, "content_type": 3, "object_id": "11", "object_repr": "id=11 -  \u0412 \u043a\u0430\u043a\u043e\u0435 \u0432\u0440\u0435\u043c\u044f \u043b\u0435\u0442\u043e\u043c \u043e\u043f\u0430\u0441\u043d\u043e \u043d\u0430\u0445\u043e\u0434\u0438\u0442\u044c\u0441\u044f \u043d\u0430 \u0441\u043e\u043b\u043d\u0446\u0435?", "action_flag": 2, "change_message": "[]"}}, {"model": "admin.logentry", "pk": 52, "fields": {"action_time": "2020-08-11T06:04:57.040Z", "user": 1, "content_type": 5, "object_id": "8", "object_repr": "user1", "action_flag": 2, "change_message": "[{\"changed\": {\"fields\": [\"\\u0421\\u0443\\u043c\\u043c\\u0430 \\u043e\\u0442\\u0432\\u0435\\u0442\\u043e\\u0432 \\u043e\\u043f\\u0440\\u043e\\u0441\\u043d\\u0438\\u043a\\u0430\"]}}]"}}, {"model": "admin.logentry", "pk": 53, "fields": {"action_time": "2020-08-11T06:05:15.312Z", "user": 1, "content_type": 5, "object_id": "7", "object_repr": "user1", "action_flag": 2, "change_message": "[{\"changed\": {\"fields\": [\"\\u0421\\u0443\\u043c\\u043c\\u0430 \\u043e\\u0442\\u0432\\u0435\\u0442\\u043e\\u0432 \\u043e\\u043f\\u0440\\u043e\\u0441\\u043d\\u0438\\u043a\\u0430\", \"\\u0421\\u0443\\u043c\\u043c\\u0430 \\u043e\\u0442\\u0432\\u0435\\u0442\\u043e\\u0432 \\u0432 \\u0442\\u0435\\u0441\\u0442\\u0435\"]}}]"}}, {"model": "admin.logentry", "pk": 54, "fields": {"action_time": "2020-08-11T11:54:41.109Z", "user": 1, "content_type": 3, "object_id": "3", "object_repr": "id=3 -  \u0421\u043b\u0443\u0447\u0430\u0439\u043d\u044b\u0439 \u043f\u0440\u043e\u0445\u043e\u0436\u0438\u0439 \u043f\u0440\u043e\u0441\u0438\u0442 \u0432\u0430\u0441 \u0434\u0430\u0442\u044c \u0435\u043c\u0443 100 \u0440\u0443\u0431\u043b\u0435\u0439. \u0412\u044b \u043e\u0442\u0432\u0435\u0447\u0430\u0435\u0442\u0435:", "action_flag": 3, "change_message": ""}}, {"model": "admin.logentry", "pk": 55, "fields": {"action_time": "2020-08-11T11:55:09.840Z", "user": 1, "content_type": 3, "object_id": "4", "object_repr": "id=4 -  \u0421\u043b\u0443\u0447\u0430\u0439\u043d\u044b\u0439 \u043f\u0440\u043e\u0445\u043e\u0436\u0438\u0439 \u043f\u0440\u043e\u0441\u0438\u0442 \u0432\u0430\u0441 \u0434\u0430\u0442\u044c \u0435\u043c\u0443 100 \u0440\u0443\u0431\u043b\u0435\u0439. \u0412\u044b \u043e\u0442\u0432\u0435\u0447\u0430\u0435\u0442\u0435:", "action_flag": 2, "change_message": "[]"}}, {"model": "admin.logentry", "pk": 56, "fields": {"action_time": "2020-08-11T11:55:35.683Z", "user": 1, "content_type": 3, "object_id": "5", "object_repr": "id=5 -  \u0412 \u043a\u0443\u043b\u044c\u043c\u0438\u043d\u0430\u0446\u0438\u043e\u043d\u043d\u044b\u0439 \u043c\u043e\u043c\u0435\u043d\u0442 \u0442\u0435\u043b\u0435\u0432\u0438\u0437\u0438\u043e\u043d\u043d\u043e\u0433\u043e \u0434\u0435\u0442\u0435\u043a\u0442\u0438\u0432\u043d\u043e\u0433\u043e \u0444\u0438\u043b\u044c\u043c\u0430 \u0432\u0434\u0440\u0443\u0433 \u0433\u0430\u0441\u043d\u0435\u0442 \u044d\u043a\u0440\u0430\u043d. \u0412\u044b \u0441\u0447\u0438\u0442\u0430\u0435\u0442\u0435 \u044d\u0442\u043e:", "action_flag": 2, "change_message": "[]"}}, {"model": "admin.logentry", "pk": 57, "fields": {"action_time": "2020-08-11T12:01:25.890Z", "user": 1, "content_type": 5, "object_id": "6", "object_repr": "user1", "action_flag": 2, "change_message": "[{\"changed\": {\"fields\": [\"\\u041e\\u0442\\u0432\\u0435\\u0442\\u044b\"]}}]"}}, {"model": "admin.logentry", "pk": 58, "fields": {"action_time": "2020-08-11T12:04:09.058Z", "user": 1, "content_type": 5, "object_id": "6", "object_repr": "user1", "action_flag": 2, "change_message": "[{\"changed\": {\"fields\": [\"\\u041e\\u0442\\u0432\\u0435\\u0442\\u044b\"]}}]"}}, {"model": "admin.logentry", "pk": 59, "fields": {"action_time": "2020-08-12T08:03:09.723Z", "user": 1, "content_type": 5, "object_id": "6", "object_repr": "user1", "action_flag": 2, "change_message": "[{\"changed\": {\"fields\": [\"\\u041e\\u0442\\u0432\\u0435\\u0442\\u044b\"]}}]"}}, {"model": "admin.logentry", "pk": 60, "fields": {"action_time": "2020-08-12T11:01:54.999Z", "user": 1, "content_type": 5, "object_id": "7", "object_repr": "user1", "action_flag": 2, "change_message": "[{\"changed\": {\"fields\": [\"\\u0412\\u043e\\u043f\\u0440\\u043e\\u0441\\u044b \\u0432 \\u0431\\u043b\\u043e\\u043a\\u0435\", \"\\u041e\\u0442\\u0432\\u0435\\u0442\\u044b\"]}}]"}}, {"model": "admin.logentry", "pk": 61, "fields": {"action_time": "2020-08-12T11:05:31.258Z", "user": 1, "content_type": 5, "object_id": "8", "object_repr": "user1", "action_flag": 2, "change_message": "[{\"changed\": {\"fields\": [\"\\u0412\\u043e\\u043f\\u0440\\u043e\\u0441\\u044b \\u0432 \\u0431\\u043b\\u043e\\u043a\\u0435\", \"\\u041e\\u0442\\u0432\\u0435\\u0442\\u044b\"]}}]"}}, {"model": "admin.logentry", "pk": 62, "fields": {"action_time": "2020-08-12T11:26:55.611Z", "user": 1, "content_type": 5, "object_id": "3", "object_repr": "admin", "action_flag": 2, "change_message": "[{\"changed\": {\"fields\": [\"\\u0412\\u043e\\u043f\\u0440\\u043e\\u0441\\u044b \\u0432 \\u0431\\u043b\\u043e\\u043a\\u0435\", \"\\u041e\\u0442\\u0432\\u0435\\u0442\\u044b\"]}}]"}}, {"model": "admin.logentry", "pk": 63, "fields": {"action_time": "2020-08-12T11:27:04.783Z", "user": 1, "content_type": 5, "object_id": "3", "object_repr": "admin", "action_flag": 2, "change_message": "[]"}}, {"model": "admin.logentry", "pk": 64, "fields": {"action_time": "2020-08-12T11:29:06.820Z", "user": 1, "content_type": 5, "object_id": "4", "object_repr": "admin", "action_flag": 2, "change_message": "[{\"changed\": {\"fields\": [\"\\u0412\\u043e\\u043f\\u0440\\u043e\\u0441\\u044b \\u0432 \\u0431\\u043b\\u043e\\u043a\\u0435\", \"\\u041e\\u0442\\u0432\\u0435\\u0442\\u044b\"]}}]"}}, {"model": "admin.logentry", "pk": 65, "fields": {"action_time": "2020-08-12T11:29:15.338Z", "user": 1, "content_type": 5, "object_id": "4", "object_repr": "admin", "action_flag": 2, "change_message": "[]"}}, {"model": "admin.logentry", "pk": 66, "fields": {"action_time": "2020-08-12T11:30:19.101Z", "user": 1, "content_type": 5, "object_id": "5", "object_repr": "admin", "action_flag": 2, "change_message": "[{\"changed\": {\"fields\": [\"\\u0412\\u043e\\u043f\\u0440\\u043e\\u0441\\u044b \\u0432 \\u0431\\u043b\\u043e\\u043a\\u0435\", \"\\u041e\\u0442\\u0432\\u0435\\u0442\\u044b\"]}}]"}}, {"model": "admin.logentry", "pk": 67, "fields": {"action_time": "2020-08-12T11:30:26.260Z", "user": 1, "content_type": 5, "object_id": "5", "object_repr": "admin", "action_flag": 2, "change_message": "[]"}}, {"model": "admin.logentry", "pk": 68, "fields": {"action_time": "2020-08-12T11:31:43.599Z", "user": 1, "content_type": 5, "object_id": "4", "object_repr": "admin", "action_flag": 2, "change_message": "[{\"changed\": {\"fields\": [\"\\u0421\\u0443\\u043c\\u043c\\u0430 \\u043e\\u0442\\u0432\\u0435\\u0442\\u043e\\u0432 \\u043e\\u043f\\u0440\\u043e\\u0441\\u043d\\u0438\\u043a\\u0430\", \"\\u0421\\u0443\\u043c\\u043c\\u0430 \\u043e\\u0442\\u0432\\u0435\\u0442\\u043e\\u0432 \\u0432 \\u0442\\u0435\\u0441\\u0442\\u0435\"]}}]"}}, {"model": "admin.logentry", "pk": 69, "fields": {"action_time": "2020-08-12T11:31:49.865Z", "user": 1, "content_type": 5, "object_id": "4", "object_repr": "admin", "action_flag": 2, "change_message": "[]"}}, {"model": "admin.logentry", "pk": 70, "fields": {"action_time": "2020-08-12T11:32:14.474Z", "user": 1, "content_type": 5, "object_id": "5", "object_repr": "admin", "action_flag": 2, "change_message": "[{\"changed\": {\"fields\": [\"\\u0421\\u0443\\u043c\\u043c\\u0430 \\u043e\\u0442\\u0432\\u0435\\u0442\\u043e\\u0432 \\u043e\\u043f\\u0440\\u043e\\u0441\\u043d\\u0438\\u043a\\u0430\", \"\\u0421\\u0443\\u043c\\u043c\\u0430 \\u043e\\u0442\\u0432\\u0435\\u0442\\u043e\\u0432 \\u0432 \\u0442\\u0435\\u0441\\u0442\\u0435\"]}}]"}}, {"model": "admin.logentry", "pk": 71, "fields": {"action_time": "2020-08-12T11:32:19.012Z", "user": 1, "content_type": 5, "object_id": "5", "object_repr": "admin", "action_flag": 2, "change_message": "[]"}}, {"model": "questions.userprofile", "pk": 3, "fields": {"user": 1, "poll_total": 7, "test_total": 4, "is_full": false, "question_in_block": [1, 2, 3, 4], "answer": [33, 4, 24, 26, 29]}}, {"model": "questions.userprofile", "pk": 4, "fields": {"user": 1, "poll_total": 12, "test_total": 10, "is_full": false, "question_in_block": [5, 6, 7, 8], "answer": [24, 17, 11, 13]}}, {"model": "questions.userprofile", "pk": 5, "fields": {"user": 1, "poll_total": 23, "test_total": 20, "is_full": false, "question_in_block": [9, 10, 11, 12, 13, 14], "answer": [1, 4, 6, 8, 9, 23]}}, {"model": "questions.userprofile", "pk": 6, "fields": {"user": 2, "poll_total": 3, "test_total": 4, "is_full": true, "question_in_block": [5, 6, 7, 8], "answer": [25, 10, 18, 14]}}, {"model": "questions.userprofile", "pk": 7, "fields": {"user": 2, "poll_total": 10, "test_total": -2, "is_full": false, "question_in_block": [1, 2, 3, 4], "answer": [24, 32, 28, 31]}}, {"model": "questions.userprofile", "pk": 8, "fields": {"user": 2, "poll_total": 5, "test_total": 4, "is_full": false, "question_in_block": [9, 10, 11, 12, 13, 14], "answer": [2, 3, 5, 7, 9, 24]}}, {"model": "questions.userprofile", "pk": 9, "fields": {"user": 3, "poll_total": 0, "test_total": 0, "is_full": true, "question_in_block": [9, 10, 11, 12, 13, 14], "answer": [2, 3, 5, 9, 19, 24]}}, {"model": "questions.userprofile", "pk": 10, "fields": {"user": 4, "poll_total": 0, "test_total": 3, "is_full": true, "question_in_block": [1, 2, 3, 4], "answer": [30, 32, 26, 24]}}, {"model": "questions.userprofile", "pk": 11, "fields": {"user": 4, "poll_total": 0, "test_total": 9, "is_full": true, "question_in_block": [5, 6, 8], "answer": [24, 11, 17, 16]}}, {"model": "questions.userprofile", "pk": 12, "fields": {"user": 4, "poll_total": 0, "test_total": 0, "is_full": true, "question_in_block": [9, 10, 11, 12, 13, 14], "answer": [24, 1, 3, 5, 9, 7, 22, 21, 20, 19]}}]